:020000040800F2
:100000000000022065380008553400085D340008FF
:10001000653400086D3400087534000800000000E5
:100020000000000000000000000000007D34000817
:100030008B3400080000000099340008A734000841
:10004000B5380008B5380008B5380008B5380008DC
:10005000B5380008B5380008B5380008B5380008CC
:10006000B5380008B5380008B5380008B5380008BC
:10007000B5380008B5380008B5380008B5380008AC
:10008000B5380008B5380008B5380008B53800089C
:10009000B5380008B5380008B5380008B53800088C
:1000A000B5380008B5340008B5380008C934000870
:1000B000B5380008DD340008B5380008B538000848
:1000C000B5380008B5380008B5380008B53800085C
:1000D000B5380008B5380008B5380008B53800084C
:1000E000B5380008B5380008B5380008B53800083C
:1000F000B5380008B5380008B5380008B53800082C
:10010000B5380008B5380008B5380008B53800081B
:10011000B5380008B5380008B5380008B53800080B
:10012000B5380008B5380008B5380008B5380008FB
:10013000B5380008B5380008B5380008B5380008EB
:10014000B5380008B5380008B5380008B5380008DB
:10015000B5380008B5380008B5380008B5380008CB
:10016000B5380008B5380008B5380008B5380008BB
:10017000B5380008B5380008B538000800000000A0
:08018000B5380008B53800088D
:1001900010B5054C237833B9044B13B10448AFF3C1
:1001A00000800123237010BD6800002000000000C3
:1001B0008093000808B5034B1BB103490348AFF314
:1001C000008008BD000000006C0000208093000843
:1001D00070B54FF0FF0C4CF4E06C1CEA11541DBFDD
:1001E0001CEA135594EA0C0F95EA0C0F00F0DEF8A8
:1001F0002C4481EA030621EA4C5123EA4C5350EA8D
:10020000013518BF52EA033541F4801143F48013DD
:1002100038D0A0FB02CE4FF00005E1FB02E506F06E
:100220000042E0FB03E54FF00006E1FB03569CF0C3
:10023000000F18BF4EF0010EA4F1FF04B6F5007FC9
:1002400064F5407404D25FEA4E0E6D4146EB06063B
:1002500042EAC62141EA55514FEAC52040EA5E50C4
:100260004FEACE2EB4F1FD0C88BFBCF5E06F1ED86E
:10027000BEF1004F08BF5FEA500E50F1000041EBA5
:10028000045170BD06F0004646EA010140EA020052
:1002900081EA0301B4EB5C04C2BFD4EB0C0541EA74
:1002A000045170BD41F480114FF0000E013C00F389
:1002B000AB8014F1360FDEBF002001F0004170BDAD
:1002C000C4F10004203C35DA0C341BDC04F11404C6
:1002D000C4F1200500FA05F320FA04F001FA05F252
:1002E00040EA020001F0004221F0004110EBD3701F
:1002F00021FA04F642EB06015EEA430E08BF20EA4B
:10030000D37070BDC4F10C04C4F1200500FA04F3ED
:1003100020FA05F001FA04F240EA020001F000417F
:1003200010EBD37041F100015EEA430E08BF20EAF2
:10033000D37070BDC4F1200500FA05F24EEA020E3A
:1003400020FA04F301FA05F243EA020321FA04F069
:1003500001F0004121FA04F220EA020000EBD37020
:100360005EEA430E08BF20EAD37070BD94F0000F20
:100370000FD101F00046400041EB010111F4801F54
:1003800008BF013CF7D041EA060195F0000F18BF05
:10039000704703F00046520043EB030313F4801F41
:1003A00008BF013DF7D043EA0603704794EA0C0FFB
:1003B0000CEA135518BF95EA0C0F0CD050EA410611
:1003C00018BF52EA4306D1D181EA030101F000418E
:1003D0004FF0000070BD50EA410606BF10461946B6
:1003E00052EA430619D094EA0C0F02D150EA0136C2
:1003F00013D195EA0C0F05D152EA03361CBF104603
:1004000019460AD181EA030101F0004141F0FE41A1
:1004100041F470014FF0000070BD41F0FE4141F425
:10042000780170BD81F0004102E000BF83F000431D
:1004300030B54FEA41044FEA430594EA050F08BF7F
:1004400090EA020F1FBF54EA000C55EA020C7FEA43
:10045000645C7FEA655C00F0E2804FEA5454D4EBC0
:100460005555B8BF6D420CDD2C4480EA020281EA8A
:10047000030382EA000083EA010180EA020281EAC2
:100480000303362D88BF30BD11F0004F4FEA013114
:100490004FF4801C4CEA113102D0404261EB410123
:1004A00013F0004F4FEA03334CEA133302D05242A9
:1004B00063EB430394EA050F00F0A780A4F1010465
:1004C000D5F1200E0DDB02FA0EFC22FA05F280189F
:1004D00041F1000103FA0EF2801843FA05F3594185
:1004E0000EE0A5F120050EF1200E012A03FA0EFC04
:1004F00028BF4CF0020C43FA05F3C01851EBE3712E
:1005000001F0004507D54FF0000EDCF1000C7EEB4A
:1005100000006EEB0101B1F5801F1BD3B1F5001F88
:100520000CD349085FEA30004FEA3C0C04F10104A7
:100530004FEA445212F5800F80F09A80BCF1004FD0
:1005400008BF5FEA500C50F1000041EB045141EA52
:10055000050130BD5FEA4C0C404141EB0101013C1B
:1005600028BFB1F5801FE9D291F0000F04BF01460A
:100570000020B1FA81F308BF2033A3F10B03B3F1DC
:1005800020020CDA0C3208DD02F1140CC2F10C026C
:1005900001FA0CF021FA02F10CE002F11402D8BFCA
:1005A000C2F1200C01FA02F120FA0CFCDCBF41EA96
:1005B0000C019040E41AA2BF01EB0451294330BD65
:1005C0006FEA04041F3C1CDA0C340EDC04F1140442
:1005D000C4F1200220FA04F001FA02F340EA030019
:1005E00021FA04F345EA030130BDC4F10C04C4F15F
:1005F000200220FA02F001FA04F340EA030029463F
:1006000030BD21FA04F0294630BD94F0000F83F488
:10061000801306BF81F480110134013D4EE77FEA6B
:10062000645C18BF7FEA655C29D094EA050F08BFB7
:1006300090EA020F05D054EA000C04BF1946104698
:1006400030BD91EA030F1EBF0021002030BD5FEADC
:10065000545C05D14000494128BF41F0004130BD04
:1006600014F580043CBF01F5801130BD01F0004558
:1006700045F0FE4141F470014FF0000030BD7FEACB
:10068000645C1ABF194610467FEA655C1CBF0B46C6
:10069000024650EA013406BF52EA033591EA030FDD
:1006A00041F4002130BD00BF90F0000F04BF0021D5
:1006B000704730B54FF4806404F132044FF0000508
:1006C0004FF0000150E700BF90F0000F04BF002181
:1006D000704730B54FF4806404F1320410F00045E7
:1006E00048BF40424FF000013EE700BF42004FEAE2
:1006F000E2014FEA31014FEA02701FBF12F07F435F
:1007000093F07F4F81F06051704732F07F4208BF15
:10071000704793F07F4F04BF41F40021704730B51C
:100720004FF4607401F0004521F000411CE700BF68
:1007300050EA010208BF704730B54FF000050AE0EB
:1007400050EA010208BF704730B511F0004502D5EC
:10075000404261EB41014FF4806404F132045FEAEE
:10076000915C3FF4D8AE4FF003025FEADC0C18BF97
:1007700003325FEADC0C18BF033202EBDC02C2F189
:10078000200300FA03FC20FA02F001FA03FE40EA1B
:100790000E0021FA02F11444BDE600BF4A0011D256
:1007A00012F5001211D20DD56FF47873B3EB6252CB
:1007B0000ED44FEAC12343F0004343EA505323FAD7
:1007C00002F070474FF00000704750EA013002D14C
:1007D0004FF0FF3070474FF00000704753B94AB9EF
:1007E000002908BF00281CBF4FF0FF314FF0FF3039
:1007F00000F088B9ADF1080C6DE904CE00F006F800
:10080000DDF804E0DDE9022304B070472DE9F0478C
:10081000089D0F4604468C46002B48D18A42164656
:1008200061D9B2FA82F34BB1C3F1200201FA03FCA1
:1008300020FA02F29E4042EA0C0C9C404FEA164E0F
:10084000B7B2BCFBFEF1220C0EFB11CC42EA0C420B
:1008500001FB07F0904209D9B21801F1FF3C80F08A
:10086000EE80904240F2EB8002393244121AA4B278
:10087000B2FBFEF00EFB102244EA024400FB07F735
:10088000A74209D9341900F1FF3280F0DA80A7427B
:1008900040F2D7803444023840EA0140E41B002192
:1008A0001DB1DC400023C5E90043BDE8F0878B4261
:1008B00006D90DB1C5E9000100210846BDE8F08761
:1008C000B3FA83F1002948D1BB4202D3824200F23D
:1008D0000781841A67EB030201209446002DE4D0BF
:1008E000C5E9004CE1E7002A00F09280B2FA82F3F9
:1008F000002B40F0A8808A1A4FEA164E1FFA86FC99
:100900000121200CB2FBFEF70EFB172240EA024247
:100910000CFB07F0904207D9B21807F1FF3802D25A
:10092000904200F2E2804746121AA4B2B2FBFEF0F7
:100930000EFB102244EA02440CFB00FCA44507D93C
:10094000341900F1FF3202D2A44500F2CB801046E8
:10095000A4EB0C0440EA0740A2E7C1F120068B405B
:1009600022FA06FC4CEA030C07FA01F420FA06F31B
:10097000F7404FEA1C49234300FA01F81FFA8CFEA6
:10098000B7FBF9F01C0C09FB107744EA074400FBA5
:100990000EF7A74202FA01F20AD91CEB040400F197
:1009A000FF3A80F09B80A74240F29880023864446E
:1009B000E41B9FB2B4FBF9F309FB134447EA044478
:1009C00003FB0EFEA64509D91CEB040403F1FF3717
:1009D00080F08280A6457FD9023B644443EA004010
:1009E000A4EB0E04A0FB02E7BC427346B94663D3F6
:1009F00060D05DB1B8EB030264EB090404FA06F6BB
:100A000022FA01F31E43CC40C5E9006400214CE703
:100A10006208480842EAC1710B0C43EA00438AB2FB
:100A200042EA0342B3FBF6F1E407B4463746B64662
:100A30001F23B0FBF6F0D21B41EA004161E761469B
:100A400014E7104628E7C3F1200120FA01F29E4086
:100A500027FA01F19F403A434FEA164E1FFA86FCEF
:100A6000B1FBFEF70EFB1710110C41EA004107FB2A
:100A70000CF8884504FA03F43AD9711807F1FF30ED
:100A800001D288451FD8A1EB0801B1FBFEF808FB95
:100A90000CF70EFB181192B242EA0142BA422FD271
:100AA000B21808F1FF31C6D2BA42C4D2A8F102018D
:100AB0003244C0E7F0459CD2BEEB020367EB0C0763
:100AC0000138B94695E7A6EB08084144B81EB1FBCA
:100AD000FEF808FB0CF7DCE73B467FE7504667E78C
:100AE0000846FBE63444023832E7023F32441BE753
:100AF000A1EB08013846B1FBFEF808FB0CF7C8E78C
:100B0000414698E7704700BF000000000000000069
:100B100001F0FF01102A2BDB10F0070F08D010F8AE
:100B2000013B013A8B422DD010F0070F42B3F6D1B2
:100B3000F0B441EA012141EA014122F007047FF0CB
:100B400000070023F0E80256083C85EA010586EA22
:100B5000010685FA47F5A3FA87F586FA47F6A5FA5E
:100B600087F68EB9EED1F0BC01F0FF0102F007026A
:100B700032B110F8013B013A83EA010313B1F8D115
:100B80000020704701387047002D06BF35460338F6
:100B9000073815F0010F07D1013015F4807F02BF2F
:100BA000013015F4C03F0130F0BC0138704700BF80
:100BB00080B400AF064BD3F88830054A43F4700385
:100BC000C2F8883000BFBD465DF8047B704700BFA7
:100BD00000ED00E080B487B000AF786039603B681A
:100BE0001A687B6853F822303A68126823F00101D2
:100BF0007B6843F822103B689B68082B02D1402396
:100C00007B6101E000237B613B685A687B691A4382
:100C10003B689B681A433B68DB681A433B681B6967
:100C20001A433B685B691A433B68DB691A433B68BC
:100C30001B6A1A433B685B6A1A433B689B6A1A4308
:100C40003B68DB6A1A433B681B6B13433B613B68A1
:100C50009B693A6913433B613B68DB6B3A69134319
:100C60003B61104BFB60FB6843F48063FB60FB68F7
:100C700043F4E023FB603B681A687B6853F822204A
:100C8000FB68DB4302EA03013B681A683B691943CE
:100C90007B6843F82210002318461C37BD465DF8D8
:100CA000047B70477FFB080080B485B000AFF8601C
:100CB000B9607A60BB681A68BB685B681B011A433D
:100CC000BB689B681B021A43BB68DB681B041A43A2
:100CD000BB681B69013B1B051A43BB685B69023B90
:100CE0001B0642EA0301BB689B697A68013219431B
:100CF000FB6843F82210002318461437BD465DF800
:100D0000047B704780B485B000AFF860B9607A604A
:100D10003B603B68B3F5804F1DD1FB687A6853F8A0
:100D20002220134B1340BA681168BA685268120146
:100D30001143BA68926812021143BA68926911436A
:100D4000BA68D26812040A4343EA0201FB687A686F
:100D500043F8221005E0FB687A686FF0704143F8B1
:100D60002210002318461437BD465DF8047B7047F7
:100D70000000F0CF80B584B000AFF860B9607A6051
:100D8000FB68002B01D1012338E0FB6893F8493060
:100D9000DBB2002B06D1FB68002283F84820F868FC
:100DA00002F016FAFB681A68FB6808331946104609
:100DB000FFF710FFFB681868FB689B681A46B96864
:100DC000FFF772FFFB685868FB689A68FB681B6B4B
:100DD0007968FFF797FFFB681B68FA68926853F819
:100DE0002210FB681B68FA68926841F0010143F821
:100DF0002210FB68012283F849200023184610378F
:100E0000BD4680BD80B586B000AF78607B68002BA2
:100E100001D1012367E27B681B6803F00103002B0B
:100E200075D0884B9B6803F00C03042B0CD0854BCA
:100E30009B6803F00C03082B12D1824B5B6803F410
:100E40008003B3F5800F0BD17E4B1B6803F4003396
:100E5000002B5BD07B685B68002B57D1012342E2FB
:100E60007B685B68B3F5803F06D1764B1B68754A9B
:100E700043F4803313601DE07B685B68B3F5A02FFB
:100E80000CD1704B1B686F4A43F4802313606D4B89
:100E90001B686C4A43F4803313600BE0694B1B689A
:100EA000684A23F480331360664B1B68654A23F459
:100EB000802313607B685B68002B13D000F00AFF6F
:100EC000386108E000F006FF02463B69D31A642B44
:100ED00001D9032307E25B4B1B6803F40033002BAB
:100EE000F0D014E000F0F6FE386108E000F0F2FE09
:100EF00002463B69D31A642B01D90323F3E1514B1A
:100F00001B6803F40033002BF0D100E000BF7B68C6
:100F10001B6803F00203002B63D04A4B9B6803F06D
:100F20000C03002B0BD0474B9B6803F00C03082BE2
:100F30001CD1444B5B6803F48003002B16D1414B5A
:100F40001B6803F00203002B05D07B68DB68012BD4
:100F500001D00123C7E13B4B1B6823F0F8027B68FB
:100F60001B69DB00374913430B603AE07B68DB68A1
:100F7000002B20D0344B01221A6000F0ABFE386108
:100F800008E000F0A7FE02463B69D31A022B01D904
:100F90000323A8E12B4B1B6803F00203002BF0D0C6
:100FA000284B1B6823F0F8027B681B69DB0025498E
:100FB00013430B6015E0244B00221A6000F08AFEF8
:100FC000386108E000F086FE02463B69D31A022B26
:100FD00001D9032387E11B4B1B6803F00203002B9D
:100FE000F0D17B681B6803F00803002B36D07B68C8
:100FF0005B69002B16D0154B01221A6000F06AFEC7
:10100000386108E000F066FE02463B69D31A022B05
:1010100001D9032367E10B4B5B6F03F00203002B45
:10102000F0D01BE0094B00221A6000F053FE38613B
:101030000EE000F04FFE02463B69D31A022B07D99F
:10104000032350E10038024000004742800E47422F
:10105000884B5B6F03F00203002BEAD17B681B68AF
:1010600003F00403002B00F097800023FB75814BF5
:101070001B6C03F08053002B0FD10023BB607D4B12
:101080001B6C7C4A43F0805313647A4B1B6C03F057
:101090008053BB60BB680123FB75774B1B6803F46F
:1010A0008073002B18D1744B1B68734A43F4807310
:1010B000136000F00FFE386108E000F00BFE0246FE
:1010C0003B69D31A022B01D903230CE16A4B1B683D
:1010D00003F48073002BF0D07B689B68012B06D152
:1010E000644B1B6F634A43F0010313671CE07B688A
:1010F0009B68052B0CD15F4B1B6F5E4A43F00403CA
:1011000013675C4B1B6F5B4A43F0010313670BE0F3
:10111000584B1B6F574A23F001031367554B1B6F46
:10112000544A23F0040313677B689B68002B15D097
:1011300000F0D0FD38610AE000F0CCFD02463B69CA
:10114000D31A41F28832934201D90323CBE0494BB1
:101150001B6F03F00203002BEED014E000F0BAFD89
:1011600038610AE000F0B6FD02463B69D31A41F24D
:101170008832934201D90323B5E03E4B1B6F03F045
:101180000203002BEED1FB7D012B05D1394B1B6CEB
:10119000384A23F0805313647B689B69002B00F06E
:1011A000A180344B9B6803F00C03082B5CD07B6858
:1011B0009B69022B41D1314B00221A6000F08AFD5D
:1011C000386108E000F086FD02463B69D31A022B25
:1011D00001D9032387E0274B1B6803F00073002B22
:1011E000F0D17B68DA697B681B6A1A437B685B6AAB
:1011F0009B011A437B689B6A5B08013B1B041A43F3
:101200007B68DB6A1B061B4913434B601B4B0122A7
:101210001A6000F05FFD386108E000F05BFD0246F7
:101220003B69D31A022B01D903235CE0114B1B68E5
:1012300003F00073002BF0D054E0104B00221A6032
:1012400000F048FD386108E000F044FD02463B69CB
:10125000D31A022B01D9032345E0064B1B6803F088
:101260000073002BF0D13DE07B689B69012B07D117
:10127000012338E00038024000700040600047421F
:101280001B4B5B68FB607B689B69012B28D0FB686C
:1012900003F480027B68DB699A4221D1FB6803F08A
:1012A0003F027B681B6A9A421AD1FA6847F6C073FC
:1012B00013407A68526A9201934211D1FB6803F499
:1012C00040327B689B6A5B08013B1B049A4207D152
:1012D000FB6803F070627B68DB6A1B069A4201D0F0
:1012E000012300E0002318461837BD4680BD00BF2B
:1012F0000038024080B584B000AF786039607B6808
:10130000002B01D10123CCE0684B1B6803F00703DD
:101310003A689A420CD9654B3A68D2B21A70634B5C
:101320001B6803F007033A689A4201D00123B8E032
:101330007B681B6803F00203002B20D07B681B68CE
:1013400003F00403002B05D0594B9B68584A43F423
:10135000E05393607B681B6803F00803002B05D003
:10136000534B9B68524A43F460439360504B9B68D5
:1013700023F0F0027B689B684D4913438B607B68C8
:101380001B6803F00103002B44D07B685B68012BD2
:1013900007D1474B1B6803F40033002B19D10123FD
:1013A0007FE07B685B68022B03D07B685B68032B64
:1013B00007D13F4B1B6803F00073002B09D10123B9
:1013C0006FE03B4B1B6803F00203002B01D10123AC
:1013D00067E0374B9B6823F003027B685B68344906
:1013E00013438B6000F076FCF8600AE000F072FCBA
:1013F0000246FB68D31A41F28832934201D9032393
:101400004FE02B4B9B6803F00C027B685B689B00F2
:101410009A42EBD1254B1B6803F007033A689A42C6
:101420000CD2224B3A68D2B21A70204B1B6803F0E0
:1014300007033A689A4201D0012332E07B681B68B7
:1014400003F00403002B08D0194B9B6823F4E052EF
:101450007B68DB68164913438B607B681B6803F06D
:101460000803002B09D0124B9B6823F460427B6871
:101470001B69DB000E4913438B6000F021F8024624
:101480000B4B9B681B0903F00F030A49CB5C22FA44
:1014900003F3094A1360094B1B68184600F0D6FB9A
:1014A000002318461037BD4680BD00BF003C0240F7
:1014B000003802408C940008000000200400002046
:1014C0002DE9B04F90B000AF00237B630023FB6396
:1014D00000233B630023BB63584B9B6803F00C0362
:1014E000082B0DD0082B00F2A080002B02D0042B7B
:1014F00003D09AE0524BBB639AE0524BBB6397E038
:101500004E4B5B6803F03F037B634C4B5B6803F41B
:101510008003002B27D0494B5B689B0900223B626C
:101520007A623B6AC3F308000021464B03FB01F2D9
:10153000002300FB03F31344424AA0FB0221F9629B
:10154000BA62FA6A1344FB627B6B0022BB61FA61E8
:10155000D7E90623D7E90A01FFF740F902460B460F
:101560001346FB6353E0354B5B689B0900223B61EC
:101570007A613B69C3F3080A4FF0000B52465B46A1
:101580004FF000004FF00001590141EAD2615001D3
:1015900002460B46B2EB0A0863EB0B094FF0000260
:1015A0004FF000034FEA891343EA98634FEA881229
:1015B000B2EB080463EB09054FF000024FF00003A3
:1015C000EB0043EA5473E20014461D4614EB0A0391
:1015D0003B6045EB0B037B604FF000024FF00003D4
:1015E000D7E9004529468B02214643EA915321461B
:1015F0008A02104619467B6B0022BB60FA60D7E96D
:101600000223FFF7EBF802460B461346FB630B4B36
:101610005B681B0C03F0030301335B003B63FA6B55
:101620003B6BB2FBF3F3BB6302E0054BBB6300BF54
:10163000BB6B18464037BD46BDE8B08F003802404E
:101640000024F40040787D0180B489B000AF786058
:10165000396000237B6100233B610023BB610023D1
:10166000FB616BE10122FB6902FA03F37B613B68DA
:101670001B687A6913403B613A697B699A4240F082
:101680005A813B685B6803F00303012B05D03B687C
:101690005B6803F00303022B30D17B689B68BB615E
:1016A000FB695B00032202FA03F3DB43BA691340D0
:1016B000BB613B68DA68FB695B0002FA03F3BA6955
:1016C0001343BB617B68BA699A607B685B68BB61E6
:1016D0000122FB6902FA03F3DB43BA691340BB61E1
:1016E0003B685B681B0903F00102FB6902FA03F324
:1016F000BA691343BB617B68BA695A603B685B682F
:1017000003F00303032B17D07B68DB68BB61FB6925
:101710005B00032202FA03F3DB43BA691340BB61A7
:101720003B689A68FB695B0002FA03F3BA691343EA
:10173000BB617B68BA69DA603B685B6803F00303EE
:10174000022B23D1FB69DA087B68083253F8223078
:10175000BB61FB6903F007039B000F2202FA03F34E
:10176000DB43BA691340BB613B681A69FB6903F04C
:1017700007039B0002FA03F3BA691343BB61FB69D9
:10178000DA087B680832B96943F822107B681B6865
:10179000BB61FB695B00032202FA03F3DB43BA6916
:1017A0001340BB613B685B6803F00302FB695B00AD
:1017B00002FA03F3BA691343BB617B68BA691A6022
:1017C0003B685B6803F44033002B00F0B4800023D7
:1017D000FB60604B5B6C5F4A43F4804353645D4B3A
:1017E0005B6C03F48043FB60FB685B4AFB699B080E
:1017F000023352F82330BB61FB6903F003039B0003
:101800000F2202FA03F3DB43BA691340BB617B6822
:10181000524A93422BD07B68514A934225D07B6831
:10182000504A93421FD07B684F4A934219D07B683D
:101830004E4A934213D07B684D4A93420DD07B6849
:101840004C4A934207D07B684B4A934201D107230D
:101850000EE008230CE006230AE0052308E0042339
:1018600006E0032304E0022302E0012300E000235A
:10187000FA6902F0030292009340BA691343BB6114
:101880003549FB699B080233BA6941F823203B4B79
:101890009B68BB613B69DB43BA691340BB613B6832
:1018A0005B6803F48013002B03D0BA693B691343D0
:1018B000BB61324ABB699360304BDB68BB613B69FB
:1018C000DB43BA691340BB613B685B6803F40013F8
:1018D000002B03D0BA693B691343BB61274ABB693C
:1018E000D360264B5B68BB613B69DB43BA6913403D
:1018F000BB613B685B6803F40033002B03D0BA691B
:101900003B691343BB611D4ABB6953601B4B1B689A
:10191000BB613B69DB43BA691340BB613B685B68F1
:1019200003F48033002B03D0BA693B691343BB61D6
:10193000124ABB691360FB690133FB61FB690F2B22
:101940007FF690AE00BF00BF2437BD465DF8047B34
:10195000704700BF003802400038014000000240DC
:101960000004024000080240000C02400010024047
:101970000014024000180240001C0240003C0140DC
:1019800080B485B000AF78600B467B807B681A69B5
:101990007B881340002B02D00123FB7301E000235E
:1019A000FB73FB7B18461437BD465DF8047B70471C
:1019B00080B483B000AF78600B467B8013467B70A9
:1019C0007B78002B03D07A887B689A6103E07B8860
:1019D0001A047B689A6100BF0C37BD465DF8047B32
:1019E0007047000080B485B000AF78607B6803F07A
:1019F0000703FB600C4BDB68BB60BA684FF6FF0364
:101A00001340BB60FB681A02BB68134343F0BF631B
:101A100043F40033BB60044ABB68D36000BF143793
:101A2000BD465DF8047B704700ED00E080B400AF78
:101A3000044BDB681B0A03F007031846BD465DF83C
:101A4000047B704700ED00E080B483B000AF034634
:101A5000FB7197F90730002B0BDBFB7903F01F02BA
:101A6000074997F907305B09012000FA02F241F8B3
:101A7000232000BF0C37BD465DF8047B704700BFD4
:101A800000E100E080B483B000AF03463960FB7131
:101A900097F90730002B0ADB3B68DAB20C4997F95B
:101AA00007301201D2B20B4483F800230AE03B68EE
:101AB000DAB20849FB7903F00F03043B1201D2B2FA
:101AC0000B441A7600BF0C37BD465DF8047B7047A7
:101AD00000E100E000ED00E080B489B000AFF86004
:101AE000B9607A60FB6803F00703FB61FB69C3F12F
:101AF0000703042B28BF0423BB61FB690433062BB7
:101B000002D9FB69033B00E000237B614FF0FF3209
:101B1000BB6902FA03F3DA43BB681A407B699A4057
:101B20004FF0FF317B6901FA03F3D9437B680B4027
:101B3000134318462437BD465DF8047B7047000008
:101B400080B582B000AF78607B68013BB3F1807FE5
:101B500001D301230FE00A4A7B68013B53600F2148
:101B60004FF0FF30FFF78EFF054B00229A60044BC9
:101B700007221A60002318460837BD4680BD00BF03
:101B800010E000E080B582B000AF78607868FFF7C1
:101B900029FF00BF0837BD4680BD80B586B000AFC5
:101BA0000346B9607A60FB7300237B61FFF73EFF59
:101BB00078617A68B9687869FFF78EFF024697F90D
:101BC0000F3011461846FFF75DFF00BF1837BD46BE
:101BD00080BD80B582B000AF0346FB7197F9073036
:101BE0001846FFF731FF00BF0837BD4680BD80B5FE
:101BF00082B000AF78607868FFF7A2FF034618460E
:101C00000837BD4680BD000080B500AF0E4B1B6895
:101C10000D4A43F4007313600B4B1B680A4A43F4EC
:101C200080631360084B1B68074A43F4807313609A
:101C30000320FFF7A7FF0F2000F008F801F024FDB4
:101C40000023184680BD00BF003C024080B582B032
:101C500000AF7860124B1A68124B1B7819464FF48C
:101C60007A73B3FBF1F3B2FBF3F31846FFF7BFFF50
:101C70000346002B01D001230EE07B680F2B0AD80E
:101C8000002279684FF0FF30FFF787FF064A7B6834
:101C90001360002300E0012318460837BD4680BDCD
:101CA00000000020080000200400002080B400AFE5
:101CB000064B1B781A46064B1B681344044A1360F4
:101CC00000BFBD465DF8047B704700BF08000020E0
:101CD0008400002080B400AF034B1B681846BD464B
:101CE0005DF8047B704700BF8400002080B584B09D
:101CF00000AF7860FFF7EEFFB8607B68FB60FB68C1
:101D0000B3F1FF3F05D00A4B1B781A46FB6813441A
:101D1000FB6000BFFFF7DEFF0246BB68D31AFA681C
:101D20009A42F7D800BF00BF1037BD4680BD00BF44
:101D30000800002080B582B000AF78607B68002B7F
:101D400001D1012341E07B6893F83D30DBB2002BE9
:101D500006D17B68002283F83C20786801F004FB00
:101D60007B68022283F83D207B681A687B68043315
:101D70001946104600F0CEFC7B68012283F846200D
:101D80007B68012283F83E207B68012283F83F2094
:101D90007B68012283F840207B68012283F8412080
:101DA0007B68012283F842207B68012283F843206C
:101DB0007B68012283F844207B68012283F8452058
:101DC0007B68012283F83D20002318460837BD4672
:101DD00080BD000080B485B000AF78607B6893F868
:101DE0003D30DBB2012B01D0012346E07B680222AB
:101DF00083F83D207B681B68234A934222D07B688E
:101E00001B68B3F1804F1DD07B681B681F4A93424B
:101E100018D07B681B681E4A934213D07B681B68EE
:101E20001C4A93420ED07B681B681B4A934209D020
:101E30007B681B68194A934204D07B681B68184A68
:101E4000934211D17B681B689B6803F00703FB601A
:101E5000FB68062B10D07B681B681A687B681B68C0
:101E600042F001021A6007E07B681B681A687B6811
:101E70001B6842F001021A60002318461437BD4661
:101E80005DF8047B704700BF000001400004004083
:101E900000080040000C00400004014000400140E8
:101EA0000018004080B582B000AF78607B68002BDE
:101EB00001D1012341E07B6893F83D30DBB2002B78
:101EC00006D17B68002283F83C20786800F039F85E
:101ED0007B68022283F83D207B681A687B680433A4
:101EE0001946104600F016FC7B68012283F8462054
:101EF0007B68012283F83E207B68012283F83F2023
:101F00007B68012283F840207B68012283F841200E
:101F10007B68012283F842207B68012283F84320FA
:101F20007B68012283F844207B68012283F84520E6
:101F30007B68012283F83D20002318460837BD4600
:101F400080BD80B483B000AF786000BF0C37BD4661
:101F50005DF8047B7047000080B584B000AF786006
:101F600039600023FB733B68002B04D17B6893F836
:101F70003E30DBB213E03B68042B04D17B6893F85E
:101F80003F30DBB20BE03B68082B04D17B6893F851
:101F90004030DBB203E07B6893F84130DBB2BB73C7
:101FA0003B68002B04D17B6893F84230DBB213E02E
:101FB0003B68042B04D17B6893F84330DBB20BE021
:101FC0003B68082B04D17B6893F84430DBB203E014
:101FD0007B6893F84530DBB27B73BB7B012B02D16E
:101FE0007B7B012B01D00123CCE03B68002B04D18B
:101FF0007B68022283F83E2013E03B68042B04D167
:102000007B68022283F83F200BE03B68082B04D159
:102010007B68022283F8402003E07B68022283F879
:1020200041203B68002B04D17B68022283F84220C8
:1020300013E03B68042B04D17B68022283F8432021
:102040000BE03B68082B04D17B68022283F8442014
:1020500003E07B68022283F845203B680C2B41D8C3
:1020600001A252F823F000BF9D200008E5200008DF
:10207000E5200008E5200008AF200008E520000862
:10208000E5200008E5200008C1200008E520000840
:10209000E5200008E5200008D32000087B681B68C5
:1020A000DA687B681B6842F00202DA601DE07B6838
:1020B0001B68DA687B681B6842F00402DA6014E08F
:1020C0007B681B68DA687B681B6842F00802DA608C
:1020D0000BE07B681B68DA687B681B6842F01002C3
:1020E000DA6002E00123FB7300BFFB7B002B48D1C9
:1020F0007B681B6801223968184600F075FD7B6813
:102100001B68224A934222D07B681B68B3F1804F40
:102110001DD07B681B681E4A934218D07B681B68E1
:102120001C4A934213D07B681B681B4A93420ED013
:102130007B681B68194A934209D07B681B68184A60
:10214000934204D07B681B68164A934211D17B6886
:102150001B689B6803F00703BB60BB68062B10D0AD
:102160007B681B681A687B681B6842F001021A6072
:1021700007E07B681B681A687B681B6842F00102F5
:102180001A60FB7B18461037BD4680BD0000014039
:102190000004004000080040000C00400004014022
:1021A000004001400018004080B584B000AF786066
:1021B0007B681B68DB68FB607B681B681B69BB6016
:1021C000BB6803F00203002B20D0FB6803F002037E
:1021D000002B1BD07B681B686FF002021A617B68C2
:1021E00001221A777B681B689B6903F00303002BAD
:1021F00003D0786801F07CF905E0786800F06CFAAB
:10220000786800F073FA7B6800221A77BB6803F0E5
:102210000403002B20D0FB6803F00403002B1BD029
:102220007B681B686FF004021A617B6802221A77D0
:102230007B681B689B6903F44073002B03D07868AC
:1022400001F056F905E0786800F046FA786800F089
:102250004DFA7B6800221A77BB6803F00803002B55
:1022600020D0FB6803F00803002B1BD07B681B68A1
:102270006FF008021A617B6804221A777B681B687A
:10228000DB6903F00303002B03D0786801F030F919
:1022900005E0786800F020FA786800F027FA7B689B
:1022A00000221A77BB6803F01003002B20D0FB68D4
:1022B00003F01003002B1BD07B681B686FF010022B
:1022C0001A617B6808221A777B681B68DB6903F454
:1022D0004073002B03D0786801F00AF905E07868B4
:1022E00000F0FAF9786800F001FA7B6800221A77AA
:1022F000BB6803F00103002B0CD0FB6803F0010363
:10230000002B07D07B681B686FF001021A617868A8
:1023100001F096F9BB6803F08003002B0CD0FB683A
:1023200003F08003002B07D07B681B686FF08002EE
:102330001A61786800F004FDBB6803F04003002BCD
:102340000CD0FB6803F04003002B07D07B681B68B0
:102350006FF040021A61786800F0D2F9BB6803F0B0
:102360002003002B0CD0FB6803F02003002B07D0C8
:102370007B681B686FF020021A61786800F0D6FC59
:1023800000BF1037BD4680BD80B586B000AFF86095
:10239000B9607A600023FB75FB6893F83C30012B31
:1023A00001D1022388E0FB68012283F83C207B688E
:1023B000002B1BD1FB681868BB681968BB685A689A
:1023C000BB68DB6800F04CFAFB681B689A69FB6825
:1023D0001B6822F00C029A61FB681B689969BB6854
:1023E0009A68FB681B680A439A6160E07B68042B6B
:1023F0001CD1FB681868BB681968BB685A68BB6861
:10240000DB6800F0D0FAFB681B689A69FB681B6800
:1024100022F440629A61FB681B689969BB689B68FB
:102420001A02FB681B680A439A6140E07B68082B2C
:102430001BD1FB681868BB681968BB685A68BB6821
:10244000DB6800F01DFBFB681B68DA69FB681B6832
:1024500022F00C02DA61FB681B68D969BB689A68D4
:10246000FB681B680A43DA6121E07B680C2B1CD1F6
:10247000FB681868BB681968BB685A68BB68DB688A
:1024800000F03AFBFB681B68DA69FB681B6822F402
:102490004062DA61FB681B68D969BB689B681A02F5
:1024A000FB681B680A43DA6101E00123FB75FB68E6
:1024B000002283F83C20FB7D18461837BD4680BDBE
:1024C00080B584B000AF786039600023FB737B680F
:1024D00093F83C30012B01D10223B4E07B68012248
:1024E00083F83C207B68022283F83D207B681B68D0
:1024F0009B68BB60BB6823F07703BB60BB6823F4B9
:102500007F43BB607B681B68BA689A603B681B6846
:10251000B3F5005F3ED0B3F5005F00F28780B3F5FE
:10252000805F00F08680B3F5805F7FD8702B1AD073
:10253000702B7BD8602B50D0602B77D8502B3CD0A1
:10254000502B73D8402B58D0402B6FD8302B64D0F1
:10255000302B6BD8202B60D0202B67D8002B5CD081
:10256000102B5AD062E07B6818683B6899683B681A
:102570005A683B68DB6800F017FB7B681B689B6848
:10258000BB60BB6843F07703BB607B681B68BA68BD
:102590009A604FE07B6818683B6899683B685A68A6
:1025A0003B68DB6800F000FB7B681B689A687B680F
:1025B0001B6842F480429A603CE07B6818683B6884
:1025C00059683B68DB681A4600F0BEF97B681B68F7
:1025D0005021184600F0CDFA2CE07B6818683B6863
:1025E00059683B68DB681A4600F01AFA7B681B687A
:1025F0006021184600F0BDFA1CE07B6818683B6853
:1026000059683B68DB681A4600F09EF97B681B68D6
:102610004021184600F0ADFA0CE07B681A683B6870
:102620001B681946104600F0A4FA03E00123FB736F
:1026300000E000BF7B68012283F83D207B68002218
:1026400083F83C20FB7B18461037BD4680BD000058
:1026500080B485B000AF786039600023FB603B68D0
:102660000C2B31D801A252F823F000BFA12600089C
:10267000C9260008C9260008C9260008AB2600089C
:10268000C9260008C9260008C9260008B526000882
:10269000C9260008C9260008C9260008BF26000868
:1026A0007B681B685B6BFB600FE07B681B689B6B48
:1026B000FB600AE07B681B68DB6BFB6005E07B6806
:1026C0001B681B6CFB6000E000BFFB6818461437FA
:1026D000BD465DF8047B704780B483B000AF78607E
:1026E00000BF0C37BD465DF8047B704780B483B0F3
:1026F00000AF786000BF0C37BD465DF8047B7047C3
:1027000080B483B000AF786000BF0C37BD465DF881
:10271000047B704780B485B000AF786039607B6817
:102720001B68FB607B68434A934213D07B68B3F11C
:10273000804F0FD07B68404A93420BD07B683F4A62
:10274000934207D07B683E4A934203D07B683D4A60
:10275000934208D1FB6823F07003FB603B685B6821
:10276000FA681343FB607B68324A93422BD07B6844
:10277000B3F1804F27D07B682F4A934223D07B68E8
:102780002E4A93421FD07B682D4A93421BD07B6810
:102790002C4A934217D07B682B4A934213D07B6814
:1027A0002A4A93420FD07B68294A93420BD07B6818
:1027B000284A934207D07B68274A934203D07B681C
:1027C000264A934208D1FB6823F44073FB603B68C0
:1027D000DB68FA681343FB60FB6823F080023B6808
:1027E0005B691343FB603B689A687B68DA623B680D
:1027F0001A687B689A627B680E4A934203D07B68B2
:10280000104A934203D13B681A697B681A637B685C
:102810001B6843F004027B681A607B6801225A61DE
:102820007B68FA681A6000BF1437BD465DF8047B08
:10283000704700BF00000140000400400008004055
:10284000000C0040000401400040014000440140F1
:102850000048014000180040001C004000200040DB
:1028600080B487B000AFF860B9607A603B60FB6805
:102870001B6A3B61FB681B6A23F00102FB681A625A
:10288000FB689B697B61FB68284A93421BD0FB680D
:10289000B3F1804F17D0FB68254A934213D0FB68F1
:1028A000244A93420FD0FB68234A93420BD0FB6823
:1028B000224A934207D0FB68214A934203D0FB6827
:1028C000204A934201D1012300E00023002B08D0CD
:1028D0007B6923F003037B617A697B6813437B6127
:1028E00003E07B6943F001037B617B6923F0F00324
:1028F0007B613B681B01DBB27A6913437B613B69F7
:1029000023F00A033B61BB6803F00A033A691343EF
:102910003B61FB687A699A61FB683A691A6200BF99
:102920001C37BD465DF8047B704700BF00000140C6
:102930000004004000080040000C0040000401407A
:10294000004001400018004080B487B000AFF8603C
:10295000B9607A60FB681B6A7B61FB681B6A23F0C5
:102960000102FB681A62FB689B693B613B6923F0CB
:10297000F0033B617B681B013A6913433B617B6950
:1029800023F00A037B617A69BB6813437B61FB68B0
:102990003A699A61FB687A691A6200BF1C37BD46C2
:1029A0005DF8047B704780B487B000AFF860B96011
:1029B0007A603B60FB681B6A7B61FB681B6A23F0E3
:1029C0001002FB681A62FB689B693B613B6923F458
:1029D00040733B617B681B023A6913433B613B696F
:1029E00023F470433B613B681B039BB23A6913437A
:1029F0003B617B6923F0A0037B61BB681B0103F093
:102A0000A0037A6913437B61FB683A699A61FB68AA
:102A10007A691A6200BF1C37BD465DF8047B7047B7
:102A200080B487B000AFF860B9607A60FB681B6A59
:102A30007B61FB681B6A23F01002FB681A62FB686B
:102A40009B693B613B6923F470433B617B681B03DB
:102A50003A6913433B617B6923F0A0037B61BB6848
:102A60001B017A6913437B61FB683A699A61FB68D1
:102A70007A691A6200BF1C37BD465DF8047B704757
:102A800080B487B000AFF860B9607A603B60FB68E3
:102A90001B6A7B61FB681B6A23F48072FB681A6205
:102AA000FB68DB693B613B6923F003033B613A69E7
:102AB0007B6813433B613B6923F0F0033B613B6858
:102AC0001B01DBB23A6913433B617B6923F420634A
:102AD0007B61BB681B0203F420637A6913437B614B
:102AE000FB683A69DA61FB687A691A6200BF1C37D1
:102AF000BD465DF8047B704780B487B000AFF860D6
:102B0000B9607A603B60FB681B6A7B61FB681B6A8B
:102B100023F48052FB681A62FB68DB693B613B6906
:102B200023F440733B617B681B023A6913433B61AA
:102B30003B6923F470433B613B681B039BB23A69DA
:102B400013433B617B6923F420437B61BB681B0318
:102B500003F420437A6913437B61FB683A69DA61C5
:102B6000FB687A691A6200BF1C37BD465DF8047BBA
:102B7000704780B485B000AF786039607B689B682F
:102B8000FB60FB6823F07003FB603A68FB6813434B
:102B900043F00703FB607B68FA689A6000BF143754
:102BA000BD465DF8047B704780B487B000AFF86025
:102BB000B9607A603B60FB689B687B617B6923F44A
:102BC0007F437B613B681A027B681A43BB681343EF
:102BD0007A6913437B61FB687A699A6000BF1C378E
:102BE000BD465DF8047B704780B487B000AFF860E5
:102BF000B9607A60BB6803F01F03012202FA03F395
:102C00007B61FB681A6A7B69DB431A40FB681A62C6
:102C1000FB681A6ABB6803F01F03796801FA03F3C3
:102C20001A43FB681A6200BF1C37BD465DF8047B7F
:102C30007047000080B485B000AF786039607B6871
:102C400093F83C30012B01D102235AE07B6801222A
:102C500083F83C207B68022283F83D207B681B6858
:102C60005B68FB607B681B689B68BB60FB6823F04C
:102C70007003FB603B681B68FA681343FB607B686A
:102C80001B68FA685A607B681B68214A934222D00D
:102C90007B681B68B3F1804F1DD07B681B681D4AA1
:102CA000934218D07B681B681B4A934213D07B6801
:102CB0001B681A4A93420ED07B681B68184A9342DD
:102CC00009D07B681B68174A934204D07B681B6855
:102CD000154A93420CD1BB6823F08003BB603B686C
:102CE0005B68BA681343BB607B681B68BA689A600C
:102CF0007B68012283F83D207B68002283F83C201A
:102D0000002318461437BD465DF8047B704700BFAA
:102D1000000001400004004000080040000C00409A
:102D200000040140004001400018004080B483B01E
:102D300000AF786000BF0C37BD465DF8047B70477C
:102D400080B483B000AF786000BF0C37BD465DF83B
:102D5000047B704780B500AFFEF756FF00F020F807
:102D600000F08EF800F04AF900F0B0FA00F03AFAFC
:102D70000948FFF72FF800210848FFF7EDF8074B47
:102D80001B68DA68054B1B6842F00102DA6005F047
:102D900011FA05F023FAFCE724010020DC000020F2
:102DA00080B594B000AF07F120033022002118460F
:102DB00005F044FC07F10C0300221A605A609A6087
:102DC000DA601A610023BB60284B1B6C274A43F072
:102DD00080531364254B1B6C03F08053BB60BB68AE
:102DE00000237B60224B1B68214A43F4804313601D
:102DF0001F4B1B6803F480437B607B6802233B62AC
:102E00000123FB6210233B630223BB630023FB63AC
:102E100008233B64A8237B640223BB640423FB6474
:102E200007F120031846FDF7EDFF0346002B01D004
:102E300000F020F80F23FB6002233B6100237B613D
:102E40004FF4A053BB614FF48053FB6107F10C03B7
:102E500005211846FEF74EFA0346002B01D000F07C
:102E600009F800BF5037BD4680BD00BF00380240A2
:102E70000070004080B400AF72B600BF00BFFDE735
:102E800080B58CB000AF07F11C0300221A605A60B5
:102E90009A60DA601A610023BB61534B1B6B524A84
:102EA00043F010031363504B1B6B03F01003BB6123
:102EB000BB6900237B614C4B1B6B4B4A43F02003E7
:102EC0001363494B1B6B03F020037B617B69002379
:102ED0003B61454B1B6B444A43F080031363424BF9
:102EE0001B6B03F080033B613B690023FB603E4B9F
:102EF0001B6B3D4A43F0010313633B4B1B6B03F019
:102F00000103FB60FB680023BB60374B1B6B364A39
:102F100043F040031363344B1B6B03F04003BB606F
:102F2000BB6800237B60304B1B6B2F4A43F00203CE
:102F300013632D4B1B6B03F002037B607B68002344
:102F40003B60294B1B6B284A43F008031363264B55
:102F50001B6B03F008033B603B6800224FF4E06109
:102F60002248FEF725FD01224FF400412048FEF7DC
:102F70001FFD1C23FB6100233B6201237B6207F1E1
:102F80001C0319461B48FEF75FFB4FF4E063FB612F
:102F900001233B6200237B620023BB6207F11C0319
:102FA00019461248FEF750FB0123FB6100233B62E8
:102FB00002237B6207F11C0319460F48FEF744FB0E
:102FC0004FF40043FB6101233B6200237B6200233B
:102FD000BB6207F11C0319460548FEF735FB00BF2D
:102FE0003037BD4680BD00BF0038024000140240AB
:102FF00000040240001002400000024080B58EB084
:1030000000AF07F11C0300221A605A609A60DA6070
:103010001A615A619A613B4600221A605A609A60AE
:10302000DA601A615A619A612F4B4FF020421A60A0
:103030002D4B2E4A5A602C4B06229A602A4B0022B6
:10304000DA60294B00221A61274B10225A61264B65
:1030500000229A61244B0022DA61234B00221A627B
:10306000214B00225A62204B4FF480529A621E4B31
:103070000022DA621C4B4FF480421A631A4B002282
:103080005A63194B00229A63174B00225A640F238C
:10309000FB610F233B623C237B620023BB62102356
:1030A000FB6211233B6300237B6303233B600F23FD
:1030B0007B600323BB600F23FB6010233B61112364
:1030C0007B610023BB613A4607F11C0319460648A1
:1030D000FDF750FE0346002B01D0FFF7CBFE00BFEB
:1030E0003837BD4680BD00BF88000020040100A025
:1030F00080B586B000AF3B1D00221A605A609A600E
:10310000DA601A612C4B1B68002B51D12A4B01222B
:103110001A6000233B60294B9B6B284A43F0010354
:103120009363264B9B6B03F001033B603B684FF2BC
:103130003F037B600223BB600023FB6003233B61F2
:103140000C237B613B1D19461D48FEF77DFA41F2B9
:103150003F037B600223BB600023FB6003233B61D2
:103160000C237B613B1D19461648FEF76DFA4FF69E
:1031700080737B600223BB600023FB6003233B6101
:103180000C237B613B1D19460F48FEF75DFA4CF29C
:1031900033737B600223BB600023FB6003233B612E
:1031A0000C237B613B1D19460848FEF74DFA00E0F1
:1031B00000BF1837BD4680BDD8000020003802404F
:1031C000001402400018024000100240000C0240AF
:1031D00080B582B000AF7860FFF78AFF00BF083784
:1031E000BD4680BD80B58AB000AF07F1180300224C
:1031F0001A605A609A60DA6007F1100300221A60C0
:103200005A603B4600221A605A609A60DA602D4B81
:103210002D4A1A602B4BA7225A602A4B00229A6033
:10322000284B42F21072DA60264B00221A61254BBD
:1032300000225A61234B00229A612248FEF77AFD50
:103240000346002B01D0FFF715FE4FF48053BB61FE
:1032500007F1180319461B48FFF732F90346002B04
:1032600001D0FFF707FE1748FEF71CFE0346002BB0
:1032700001D0FFF7FFFD00233B6100237B6107F1D5
:10328000100319460F48FFF7D5FC0346002B01D069
:10329000FFF7F0FD00233B6001237B600023BB6050
:1032A0000023FB603B46002219460648FFF76CF8F6
:1032B0000346002B01D0FFF7DDFD00BF2837BD46D8
:1032C00080BD00BFDC0000200000014080B586B05A
:1032D00000AF07F1080300221A605A609A60DA60B2
:1032E0003B4600221A605A601D4B1E4A1A601C4B56
:1032F00053225A601A4B00229A60194B4FF6FF7204
:10330000DA60174B00221A61154B00229A611448AB
:10331000FEF710FD0346002B01D0FFF7ABFD4FF485
:103320008053BB6007F1080319460D48FFF7C8F842
:103330000346002B01D0FFF79DFD00233B600023D7
:103340007B603B4619460648FFF774FC0346002B9A
:1033500001D0FFF78FFD00BF1837BD4680BD00BF0D
:10336000240100200004004080B58AB000AF7860DE
:1033700007F1140300221A605A609A60DA601A6139
:103380007B681B682F4A93423DD100233B612E4B43
:103390005B6C2D4A43F0010353642B4B5B6C03F0D1
:1033A00001033B613B690023FB60274B1B6B264AF3
:1033B00043F001031363244B1B6B03F00103FB6019
:1033C000FB684FF480737B610223BB610023FB61C8
:1033D00000233B6201237B6207F1140319461B485B
:1033E000FEF732F9002201211920FEF7D6FB192041
:1033F000FEF7EFFB002201211B20FEF7CEFB1B2076
:10340000FEF7E7FB1AE07B681B68114A934215D16F
:103410000023BB600C4B1B6C0B4A43F0020313648C
:10342000094B1B6C03F00203BB60BB680022002148
:103430001D20FEF7B2FB1D20FEF7CBFB00BF283797
:10344000BD4680BD0000014000380240000002403F
:103450000004004080B400AF00BFFDE780B400AFBF
:1034600000BFFDE780B400AF00BFFDE780B400AF50
:1034700000BFFDE780B400AF00BFFDE780B400AF40
:1034800000BFBD465DF8047B704780B400AF00BF4D
:10349000BD465DF8047B704780B400AF00BFBD46F9
:1034A0005DF8047B704780B500AFFEF7FFFB00BFFF
:1034B00080BD000080B500AF0248FEF775FE00BF7A
:1034C00080BD00BFDC00002080B500AF0248FEF7E1
:1034D0006BFE00BF80BD00BFDC00002080B500AFE8
:1034E0000248FEF761FE00BF80BD00BF240100203E
:1034F00080B582B000AF78607B681B68494A934210
:1035000040F08B807B681B7F012B40F08680464B10
:103510001B78DBB2002B17D17B681B6800225A6234
:103520007B681B681A6A7B681B6822F00A021A62B1
:103530007B681B681A6A7B681B6842F002021A6289
:10354000394B01221A7068E000217868FFF780F893
:103550000346364A13607B681B681A6A7B681B68DF
:1035600022F00A021A627B681A687B681B68126A7A
:103570001A622D4B00221A702C4B1B68B3F57A6F20
:103580000CD92A4B1B6841F28732934206D8284B4C
:1035900000221A60274B00221A702FE0234B1B6871
:1035A00040F21452934213D9204B1B68B3F5FA6FC3
:1035B0000ED21F4B1B685B0043F001031C4A1360D3
:1035C0001C4B1B78DBB20133DAB21A4B1A7015E0D0
:1035D000164B1B68B3F5967F10D9144B1B68B3F5D7
:1035E000487F0BD2124B1B685B00114A1360114BD2
:1035F0001B78DBB20133DAB20E4B1A700D4B1B781D
:10360000DBB21F2B09D90A4B1B680B4A13600B4B0B
:1036100001221A70074B00221A7000BF0837BD46FE
:1036200080BD00BF000001406C010020700100203F
:1036300074010020780100207C0100207901002025
:1036400080B483B000AF78607B681B680C4A9342FB
:1036500010D10C4B00221A707B681B681A6A7B68B9
:103660001B6822F00A021A627B681A687B681B6872
:10367000126A1A6200BF0C37BD465DF8047B7047C2
:10368000000001406C01002080B483B000AF002333
:103690007B60104B5B6C0F4A43F4804353640D4BCB
:1036A0005B6C03F480437B607B6800233B60094BC9
:1036B0001B6C084A43F080531364064B1B6C03F0E9
:1036C00080533B603B6800BF0C37BD465DF8047B10
:1036D000704700BF0038024080B586B000AF786008
:1036E000144A154BD31A7B617B693B61134B1B68F2
:1036F000002B02D1114B124A1A60104B1A687B68DA
:1037000013443A699A4207D204F0E6FF03460C22BA
:103710001A604FF0FF3309E0084B1B68FB60074B52
:103720001A687B681344054A1360FB68184618370B
:10373000BD4680BD00000220000400008001002082
:10374000D803002080B400AF01231846BD465DF8C1
:10375000047B704780B582B000AF7860396004F0B8
:10376000BBFF034616221A604FF0FF331846083796
:10377000BD4680BD80B582B000AF78604FF0FF31AC
:103780007868FFF7E7FF00BFFDE780B586B000AFC0
:10379000F860B9607A6000237B610AE0AFF30080D3
:1037A0000146BB685A1CBA60CAB21A707B69013301
:1037B0007B617A697B689A42F0DB7B681846183730
:1037C000BD4680BD80B586B000AFF860B9607A6054
:1037D00000237B6109E0BB685A1CBA601B7818465D
:1037E000AFF300807B6901337B617A697B689A4221
:1037F000F1DB7B6818461837BD4680BD80B483B0C6
:1038000000AF78604FF0FF3318460C37BD465DF8C7
:10381000047B704780B483B000AF786039603B6848
:103820004FF400525A60002318460C37BD465DF82D
:10383000047B704780B483B000AF786001231846E2
:103840000C37BD465DF8047B704780B485B000AF8F
:10385000F860B9607A60002318461437BD465DF8F9
:10386000047B7047DFF834D0FDF7A2F90C480D490E
:103870000D4A002302E0D458C4500433C4188C42CB
:10388000F9D30A4A0A4C002301E013600432A24231
:10389000FBD304F027FFFFF75DFA7047000002201A
:1038A0000000002068000020B8AD0008680000207B
:1038B000D4030020FEE7000080B483B000AF0346CD
:1038C000FB80FB889BB2FB80044BFA8892B21A8083
:1038D00000BF0C37BD465DF8047B70477E00006C6E
:1038E00080B483B000AF0346FB80FB889BB2FB80B3
:1038F000044BFA8892B25A8000BF0C37BD465DF87F
:10390000047B70477E00006C80B483B000AF064B30
:103910005B889BB2FB80FB889BB218460C37BD4688
:103920005DF8047B704700BF7E00006C80B483B0FC
:1039300000AF03460A46FB801346BB80054AFB885E
:103940001380044ABB88538000BF0C37BD465DF826
:10395000047B70477E00006C80B400AF044B054AC6
:1039600012891A8000BFBD465DF8047B704700BF16
:103970007E00006C8801002080B582B000AF034655
:103980000A46FB801346BB80654B9B8841F6631259
:10399000934267D1624B9B79002B1ED1604B1A88F2
:1039A000FB88D31A9BB2013BFB805D4B5B891846B9
:1039B000FFF782FF0020FFF793FF0020FFF790FF43
:1039C000FB881B0A9BB21846FFF78AFFFB88DBB215
:1039D0009BB21846FFF784FF21E0514B5B891846E4
:1039E000FFF76AFFFB881B0A9BB21846FFF778FFB8
:1039F000FB88DBB29BB21846FFF772FF484B1B886F
:103A0000013B1B129BB21846FFF76AFF444B1B8811
:103A1000013B9BB2DBB29BB21846FFF761FF404B04
:103A20009B891846FFF748FFBB881B0A9BB21846C4
:103A3000FFF756FFBB88DBB29BB21846FFF750FF7B
:103A4000374B5B88013B1B129BB21846FFF748FFC0
:103A5000334B5B88013B9BB2DBB29BB21846FFF74E
:103A60003FFF58E02E4B9B8845F21052934230D1D5
:103A70002B4B5B891846FFF71FFFFB881B0A9BB285
:103A80001846FFF72DFF264B5B8901339BB2184682
:103A9000FFF712FFFB88DBB29BB21846FFF720FF4F
:103AA0001F4B9B891846FFF707FFBB881B0A9BB279
:103AB0001846FFF715FF1A4B9B8901339BB2184636
:103AC000FFF7FAFEBB88DBB29BB21846FFF708FF90
:103AD00021E0134B5B891846FFF7EEFEFB881B0ABB
:103AE0009BB21846FFF7FCFEFB88DBB29BB2184680
:103AF000FFF7F6FE0A4B9B891846FFF7DDFEBB88F1
:103B00001B0A9BB21846FFF7EBFEBB88DBB29BB2E9
:103B10001846FFF7E5FE00BF0837BD4680BD00BF71
:103B20008801002080B584B000AF0346FB710023FC
:103B3000FB810023BB81994B9B79012B05D1974BCE
:103B40009B8841F66312934209D1944B9B79002BD9
:103B500034D1924B9B8841F6631293422ED1FB796C
:103B6000072B2BD801A252F823F000BF8D3B000891
:103B7000933B0008993B00089F3B0008A53B0008C9
:103B8000AB3B0008B13B0008B73B00080623FB71C4
:103B900014E00723FB7111E00423FB710EE0052301
:103BA000FB710BE00123FB7108E00023FB7105E0D2
:103BB0000323FB7102E00223FB7100BFFB79072B9B
:103BC00035D801A252F823F02F3C0008E93B000849
:103BD000F33B0008FD3B0008073C0008113C0008CF
:103BE0001B3C0008253C0008FB8943F08003FB8157
:103BF0001DE0FB8943F04003FB8118E0FB8943F0A3
:103C0000C003FB8113E0FB8943F02003FB810EE03E
:103C1000FB8943F06003FB8109E0FB8943F0A003CB
:103C2000FB8104E0FB8943F0E003FB8100BF5B4BB9
:103C30009B8845F21052934203D14FF45853BB81F5
:103C400001E03623BB81554B9B8849F241329342B8
:103C500005D0524B9B8847F28972934203D1FB896E
:103C600043F00803FB81FA89BB8911461846FFF728
:103C70005DFE4A4B9B8841F66312934225D0FB8937
:103C800003F02003002B10D0444B1A88434B5B8871
:103C90009A421AD2414B1B887B81404B5A883F4B3A
:103CA0001A803E4A7B8953800FE03C4B1A883B4B7D
:103CB0005B889A4209D9394B1B887B81374B5A88DC
:103CC000364B1A80354A7B895380344B9B8845F2AA
:103CD0001052934264D1314B5B891846FFF7ECFDDB
:103CE0000020FFF7FDFD2D4B5B8901339BB2184689
:103CF000FFF7E2FD0020FFF7F3FD284B5B8902335D
:103D00009BB21846FFF7D8FD244B1B88013B1B12C2
:103D10009BB21846FFF7E4FD204B5B8903339BB24F
:103D20001846FFF7C9FD1D4B1B88013B9BB2DBB258
:103D30009BB21846FFF7D4FD184B9B891846FFF736
:103D4000BBFD0020FFF7CCFD144B9B8901339BB2D8
:103D50001846FFF7B1FD0020FFF7C2FD0F4B9B890E
:103D600002339BB21846FFF7A7FD0C4B5B88013B63
:103D70001B129BB21846FFF7B3FD084B9B89033318
:103D80009BB21846FFF798FD044B5B88013B9BB242
:103D9000DBB29BB21846FFF7A3FD39E08801002093
:103DA0001D4B5B891846FFF787FD0020FFF798FD44
:103DB0000020FFF795FD184B1B88013B1B129BB29F
:103DC0001846FFF78DFD144B1B88013B9BB2DBB2FD
:103DD0009BB21846FFF784FD0F4B9B891846FFF7EF
:103DE0006BFD0020FFF77CFD0020FFF779FD0A4BFB
:103DF0005B88013B1B129BB21846FFF771FD064B17
:103E00005B88013B9BB2DBB29BB21846FFF768FDB3
:103E100000BF1037BD4680BD8801002080B582B04C
:103E200000AF03460A46FB801346BB80BA88FB8876
:103E300011461846FFF7A0FDFFF78EFD034B044A1D
:103E400012885A8000BF0837BD4680BD7E00006CD6
:103E50008401002080B582B000AF0346FB800B4692
:103E6000BB8013467B80584B9B8845F2105293428F
:103E700030D1554B5B891846FFF71EFDFB881B0AA6
:103E80009BB21846FFF72CFD4F4B5B8901339BB269
:103E90001846FFF711FDFB88DBB29BB21846FFF70F
:103EA0001FFD494B9B891846FFF706FDBB881B0A7F
:103EB0009BB21846FFF714FD434B9B8901339BB21D
:103EC0001846FFF7F9FCBB88DBB29BB21846FFF738
:103ED00007FD6DE03C4B9B8841F66312934245D150
:103EE000394B9B79002B06D1374B1A88FB88D31AA4
:103EF0009BB2013BFB80344B5B891846FFF7DCFC2F
:103F0000FB881B0A9BB21846FFF7EAFCFB88DBB272
:103F10009BB21846FFF7E4FCFB881B0A9BB21846CD
:103F2000FFF7DEFCFB88DBB29BB21846FFF7D8FC3C
:103F3000254B9B891846FFF7BFFCBB881B0A9BB229
:103F40001846FFF7CDFCBB88DBB29BB21846FFF7E3
:103F5000C7FCBB881B0A9BB21846FFF7C1FCBB8895
:103F6000DBB29BB21846FFF7BBFC21E0164B5B8926
:103F70001846FFF7A1FCFB881B0A9BB21846FFF707
:103F8000AFFCFB88DBB29BB21846FFF7A9FC0E4BD7
:103F90009B891846FFF790FCBB881B0A9BB218460A
:103FA000FFF79EFCBB88DBB29BB21846FFF798FC7C
:103FB000064B054A12891A80044A7B88538000BF49
:103FC0000837BD4680BD00BF880100207E00006C20
:103FD00080B582B000AF0346FB71BE20FFF76CFCDA
:103FE0000520FFF77DFCFB791846FCF76DFB10A35D
:103FF000D3E90023FCF7ECF802460B4610461946BD
:10400000FCF7CCFB03469BB21846FFF769FC012086
:10401000FFF766FCFF20FFF763FC0020FFF760FC62
:104020000020FFF75DFC00BF0837BD4680BD00BF24
:10403000666666666666044080B582B000AF034679
:10404000FB71584AFB799371FB79002B51D1554B89
:10405000F0221A80534B4FF4A0725A80514B9B8828
:1040600045F21052934214D14E4B4FF430521A8104
:104070004C4B4FF428525A814A4B4FF42C529A81A0
:10408000484B4FF4F0721A80464B4FF448725A80F6
:1040900020E0444B9B8841F66312934211D1414B7F
:1040A0002C221A813F4B2B225A813E4B2A229A8185
:1040B0003C4B4FF4F0721A803A4B4FF448725A80DE
:1040C00008E0384B2C221A81364B2A225A81354B74
:1040D0002B229A81334B9B8845F21032934259D15F
:1040E000304B4FF4A0721A802E4B4FF4F0725A806E
:1040F00050E02C4B4FF4A0721A802A4BF0225A80C9
:10410000284B9B8845F21052934214D1254B4FF413
:1041100030521A81234B4FF428525A81214B4FF4CD
:104120002C529A811F4B4FF448721A801D4B4FF44A
:10413000F0725A8020E01B4B9B8841F66312934239
:1041400011D1184B2C221A81164B2A225A81154B59
:104150002B229A81134B4FF448721A80114B4FF463
:10416000F0725A8008E00F4B2C221A810D4B2A2244
:104170005A810C4B2B229A810A4B9B8845F21032B4
:10418000934207D1074B4FF4F0721A80054B4FF45E
:10419000A0725A800020FFF7C5FC00BF0837BD465B
:1041A00080BD00BF8801002080B500AF3220FDF740
:1041B0009DFDD320FFF780FBFFF7A6FB03461A46C1
:1041C0009A4B9A80FFF7A0FB03461A46974B9A80BA
:1041D000FFF79AFB03461A46944B9A80934B9B88B1
:1041E0001B029AB2914B9A80FFF78EFB03461A4648
:1041F0008E4B9B8813439AB28C4B9A808B4B9B8837
:1042000049F24132934200F0D3800420FFF754FB7F
:10421000FFF77AFB03461A46844B9A80FFF774FB3C
:1042200003461A46814B9A80FFF76EFB03461A46F7
:104230007E4B9A807D4B9B881B029AB27B4B9A8067
:10424000FFF762FB03461A46784B9B8813439AB2EA
:10425000764B9A80754B9B8848F25252934203D119
:10426000724B47F289729A80704B9B8847F2897231
:10427000934200F09D80D420FFF71EFBFFF744FB24
:1042800003461A46694B9A80FFF73EFB03461A46DF
:10429000664B9A80FFF738FB03461A46634B9A80B9
:1042A000624B9B881B029AB2604B9A80FFF72CFBF3
:1042B00003461A465D4B9B8813439AB25B4B9A8028
:1042C0005A4B9B8845F21032934271D055214FF4DE
:1042D0007040FFF72BFBAA214FF20100FFF726FBEE
:1042E00052214FF20200FFF721FB08214FF2030099
:1042F000FFF71CFB01214FF20400FFF717FB4FF4FF
:104300004540FFF7D9FAFFF7FFFA03461A46474B35
:104310009A80464B9B881B029AB2444B9A804CF27F
:104320000150FFF7C9FAFFF7EFFA03461A463F4B71
:104330009B8813439AB23D4B9A800520FDF7D6FC2B
:104340003A4B9B88B3F5004F03D1384B45F21052DE
:104350009A80364B9B8845F21052934228D0A12078
:10436000FFF7AAFAFFF7D0FA03461A462F4B9A80B6
:10437000FFF7CAFA03461A462C4B9A802B4B9B88B0
:104380001B029AB2294B9A80FFF7BEFA03461A46DF
:10439000264B9B8813439AB2244B9A80234B9B88CD
:1043A00045F26172934203D1204B41F663129A8029
:1043B0001E4B9B8849F24132934217D01B4B9B887E
:1043C00047F28972934211D0184B9B8845F2103204
:1043D00093420BD0154B9B8845F21052934205D067
:1043E000124B9B8841F66312934229D1104B9B6973
:1043F0000F4A23F00F0393610D4B9B690C4A23F482
:10440000706393610A4B9B69094A43F0030393610C
:10441000064B9B8847F2897293420BD1044B9B69F0
:10442000034A43F4407393610AE000BF880100200F
:10443000040100A0914B9B69904A43F4007393617F
:104440008F4B9B8849F24132934240F01B81CF2031
:10445000FFF732FA0020FFF743FAC120FFF740FAD6
:104460003020FFF73DFAED20FFF726FA6420FFF732
:1044700037FA0320FFF734FA1220FFF731FA8120D0
:10448000FFF72EFAE820FFF717FA8520FFF728FA42
:104490001020FFF725FA7A20FFF722FACB20FFF74A
:1044A0000BFA3920FFF71CFA2C20FFF719FA00202D
:1044B000FFF716FA3420FFF713FA0220FFF710FA7D
:1044C000F720FFF7F9F92020FFF70AFAEA20FFF7B3
:1044D000F3F90020FFF704FA0020FFF701FAC020EB
:1044E000FFF7EAF91B20FFF7FBF9C120FFF7E4F91A
:1044F0000120FFF7F5F9C520FFF7DEF93020FFF7BF
:10450000EFF93020FFF7ECF9C720FFF7D5F9B72016
:10451000FFF7E6F93620FFF7CFF94820FFF7E0F97B
:104520003A20FFF7C9F95520FFF7DAF9B120FFF774
:10453000C3F90020FFF7D4F91A20FFF7D1F9B6200C
:10454000FFF7BAF90A20FFF7CBF9A220FFF7C8F965
:10455000F220FFF7B1F90020FFF7C2F92620FFF79C
:10456000ABF90120FFF7BCF9E020FFF7A5F90F2018
:10457000FFF7B6F92A20FFF7B3F92820FFF7B0F9C3
:104580000820FFF7ADF90E20FFF7AAF90820FFF782
:10459000A7F95420FFF7A4F9A920FFF7A1F94320B8
:1045A000FFF79EF90A20FFF79BF90F20FFF798F914
:1045B0000020FFF795F90020FFF792F90020FFF7A0
:1045C0008FF90020FFF78CF9E120FFF775F9002043
:1045D000FFF786F91520FFF783F91720FFF780F919
:1045E0000720FFF77DF91120FFF77AF90620FFF782
:1045F00077F92B20FFF774F95620FFF771F93C206B
:10460000FFF76EF90520FFF76BF91020FFF768F947
:104610000F20FFF765F93F20FFF762F93F20FFF712
:104620005FF90F20FFF75CF92B20FFF745F9002019
:10463000FFF756F90020FFF753F90120FFF750F973
:104640003F20FFF74DF92A20FFF736F90020FFF74A
:1046500047F90020FFF744F90020FFF741F9EF2068
:10466000FFF73EF91120FFF727F97820FDF73EFB11
:104670002920FFF721F902F0ADB800BF040100A026
:10468000880100206D4B9B8847F28972934240F06D
:10469000D7801120FFF710F97820FDF727FB36208F
:1046A000FFF70AF90020FFF71BF93A20FFF704F99A
:1046B0000520FFF715F9B220FFF7FEF80C20FFF7F1
:1046C0000FF90C20FFF70CF90020FFF709F9332050
:1046D000FFF706F93320FFF703F9B720FFF7ECF8EF
:1046E0003520FFF7FDF8BB20FFF7E6F83220FFF793
:1046F000F7F8C020FFF7E0F80C20FFF7F1F8C22030
:10470000FFF7DAF80120FFF7EBF8C320FFF7D4F842
:104710001020FFF7E5F8C420FFF7CEF82020FFF7C0
:10472000DFF8C620FFF7C8F80F20FFF7D9F8D02030
:10473000FFF7C2F8A420FFF7D3F8A120FFF7D0F8C5
:10474000E020FFF7B9F8D020FFF7CAF80020FFF704
:10475000C7F80220FFF7C4F80720FFF7C1F80A20C6
:10476000FFF7BEF82820FFF7BBF83220FFF7B8F8B4
:104770004420FFF7B5F84220FFF7B2F80620FFF714
:10478000AFF80E20FFF7ACF81220FFF7A9F81420BD
:10479000FFF7A6F81720FFF7A3F8E120FFF78CF842
:1047A000D020FFF79DF80020FFF79AF80220FFF7CE
:1047B00097F80720FFF794F80A20FFF791F82820D0
:1047C000FFF78EF83120FFF78BF85420FFF788F8B9
:1047D0004720FFF785F80E20FFF782F81C20FFF72F
:1047E0007FF81720FFF77CF81B20FFF779F81E20D1
:1047F000FFF776F82A20FFF75FF80020FFF770F840
:104800000020FFF76DF80020FFF76AF8EF20FFF7B0
:1048100067F82B20FFF750F80020FFF761F8002021
:10482000FFF75EF80120FFF75BF83F20FFF758F82D
:104830002920FFF741F801F0CDBF00BF880100201B
:10484000034B9B8845F21032934240F07C8701E095
:1048500088010020ED20FFF72FF80120FFF740F836
:10486000FE20FFF73DF8EE20FFF726F8DE20FFF7E9
:1048700037F82120FFF734F8F120FFF71DF8012069
:10488000FFF72EF8DF20FFF717F81020FFF728F8C2
:10489000C420FFF711F88F20FFF722F8C620FFF79A
:1048A0000BF80020FFF71CF8E220FFF719F8E220D0
:1048B000FFF716F8E220FFF713F8BF20FEF7FCFF22
:1048C000AA20FFF70DF8B020FEF7F6FF0D20FFF746
:1048D00007F80020FFF704F80D20FFF701F800208B
:1048E000FEF7FEFF1120FEF7FBFF0020FEF7F8FFAA
:1048F0001920FEF7F5FF0020FEF7F2FF2120FEF75A
:10490000EFFF0020FEF7ECFF2D20FEF7E9FF00206F
:10491000FEF7E6FF3D20FEF7E3FF0020FEF7E0FF95
:104920005D20FEF7DDFF0020FEF7DAFF5D20FEF7D9
:10493000D7FF0020FEF7D4FFB120FEF7BDFF802097
:10494000FEF7CEFF0020FEF7CBFF8B20FEF7C8FF5F
:104950000020FEF7C5FF9620FEF7C2FF0020FEF7FD
:10496000BFFFB220FEF7A8FF0020FEF7B9FF00202E
:10497000FEF7B6FF0220FEF7B3FF0020FEF7B0FF00
:104980000320FEF7ADFF0020FEF7AAFFB320FEF7DD
:1049900093FF0020FEF7A4FF0020FEF7A1FF0020F8
:1049A000FEF79EFF0020FEF79BFF0020FEF798FF1A
:1049B0000020FEF795FF0020FEF792FF0020FEF793
:1049C0008FFF0020FEF78CFF0020FEF789FF0020FC
:1049D000FEF786FF0020FEF783FF0020FEF780FF32
:1049E0000020FEF77DFF0020FEF77AFF0020FEF793
:1049F00077FF0020FEF774FF0020FEF771FF002014
:104A0000FEF76EFF0020FEF76BFF0020FEF768FF49
:104A10000020FEF765FF0020FEF762FF0020FEF792
:104A20005FFFB420FEF748FF8B20FEF759FF002000
:104A3000FEF756FF9620FEF753FF0020FEF750FFCB
:104A4000A120FEF74DFF0020FEF74AFFB520FEF73C
:104A500033FF0220FEF744FF0020FEF741FF032052
:104A6000FEF73EFF0020FEF73BFF0420FEF738FF75
:104A70000020FEF735FFB620FEF71EFF0020FEF7F0
:104A80002FFF0020FEF72CFFB720FEF715FF0020B8
:104A9000FEF726FF0020FEF723FF3F20FEF720FF52
:104AA0000020FEF71DFF5E20FEF71AFF0020FEF734
:104AB00017FF6420FEF714FF0020FEF711FF8C2083
:104AC000FEF70EFF0020FEF70BFFAC20FEF708FFFD
:104AD0000020FEF705FFDC20FEF702FF0020FEF7B6
:104AE000FFFE7020FEF7FCFE0020FEF7F9FE90208E
:104AF000FEF7F6FE0020FEF7F3FEEB20FEF7F0FED9
:104B00000020FEF7EDFEDC20FEF7EAFE0020FEF7B7
:104B1000E7FEB820FEF7D0FE0020FEF7E1FE002001
:104B2000FEF7DEFE0020FEF7DBFE0020FEF7D8FEDB
:104B30000020FEF7D5FE0020FEF7D2FE0020FEF793
:104B4000CFFE0020FEF7CCFEBA20FEF7B5FE2420F3
:104B5000FEF7C6FE0020FEF7C3FE0020FEF7C0FEF3
:104B60000020FEF7BDFEC120FEF7A6FE2020FEF7C6
:104B7000B7FE0020FEF7B4FE5420FEF7B1FE002081
:104B8000FEF7AEFEFF20FEF7ABFE0020FEF7A8FE0C
:104B9000C220FEF791FE0A20FEF7A2FE0020FEF7DB
:104BA0009FFE0420FEF79CFE0020FEF799FEC32026
:104BB000FEF782FE3C20FEF793FE0020FEF790FEFB
:104BC0003A20FEF78DFE0020FEF78AFE3920FEF720
:104BD00087FE0020FEF784FE3720FEF781FE0020CE
:104BE000FEF77EFE3C20FEF77BFE0020FEF778FEFF
:104BF0003620FEF775FE0020FEF772FE3220FEF72B
:104C00006FFE0020FEF76CFE2F20FEF769FE0020ED
:104C1000FEF766FE2C20FEF763FE0020FEF760FE26
:104C20002920FEF75DFE0020FEF75AFE2620FEF743
:104C300057FE0020FEF754FE2420FEF751FE002010
:104C4000FEF74EFE2420FEF74BFE0020FEF748FE46
:104C50002320FEF745FE0020FEF742FE3C20FEF733
:104C60003FFE0020FEF73CFE3620FEF739FE002016
:104C7000FEF736FE3220FEF733FE0020FEF730FE50
:104C80002F20FEF72DFE0020FEF72AFE2C20FEF737
:104C900027FE0020FEF724FE2920FEF721FE00203B
:104CA000FEF71EFE2620FEF71BFE0020FEF718FE74
:104CB0002420FEF715FE0020FEF712FE2420FEF74A
:104CC0000FFE0020FEF70CFE2320FEF709FE002059
:104CD000FEF706FEC420FEF7EFFD6220FEF700FEA1
:104CE0000020FEF7FDFD0520FEF7FAFD0020FEF78F
:104CF000F7FD8420FEF7F4FD0020FEF7F1FDF02023
:104D0000FEF7EEFD0020FEF7EBFD1820FEF7E8FDB4
:104D10000020FEF7E5FDA420FEF7E2FD0020FEF7EF
:104D2000DFFD1820FEF7DCFD0020FEF7D9FD502046
:104D3000FEF7D6FD0020FEF7D3FD0C20FEF7D0FDD8
:104D40000020FEF7CDFD1720FEF7CAFD0020FEF77C
:104D5000C7FD9520FEF7C4FD0020FEF7C1FDF3203E
:104D6000FEF7BEFD0020FEF7BBFDE620FEF7B8FD16
:104D70000020FEF7B5FDC520FEF79EFD3220FEF7B0
:104D8000AFFD0020FEF7ACFD4420FEF7A9FD00209A
:104D9000FEF7A6FD6520FEF7A3FD0020FEF7A0FDAF
:104DA0007620FEF79DFD0020FEF79AFD8820FEF795
:104DB00097FD0020FEF794FDC620FEF77DFD202024
:104DC000FEF78EFD0020FEF78BFD1720FEF788FD15
:104DD0000020FEF785FD0120FEF782FD0020FEF792
:104DE0007FFDC720FEF768FD0020FEF779FD00205B
:104DF000FEF776FD0020FEF773FD0020FEF770FD44
:104E0000C820FEF759FD0020FEF76AFD0020FEF7DE
:104E100067FD0020FEF764FD0020FEF761FDC9205C
:104E2000FEF74AFD0020FEF75BFD0020FEF758FD6F
:104E30000020FEF755FD0020FEF752FD0020FEF792
:104E40004FFD0020FEF74CFD0020FEF749FD00203D
:104E5000FEF746FD0020FEF743FD0020FEF740FD73
:104E60000020FEF73DFD0020FEF73AFD0020FEF792
:104E700037FD0020FEF734FD0020FEF731FD002055
:104E8000FEF72EFDE020FEF717FD1620FEF728FDA9
:104E90000020FEF725FD1C20FEF722FD0020FEF776
:104EA0001FFD2120FEF71CFD0020FEF719FD362016
:104EB000FEF716FD0020FEF713FD4620FEF710FD5D
:104EC0000020FEF70DFD5220FEF70AFD0020FEF740
:104ED00007FD6420FEF704FD0020FEF701FD7A20A7
:104EE000FEF7FEFC0020FEF7FBFC8B20FEF7F8FC33
:104EF0000020FEF7F5FC9920FEF7F2FC0020FEF7FB
:104F0000EFFCA820FEF7ECFC0020FEF7E9FCB9203E
:104F1000FEF7E6FC0020FEF7E3FCC420FEF7E0FC11
:104F20000020FEF7DDFCCA20FEF7DAFC0020FEF7C9
:104F3000D7FCD220FEF7D4FC0020FEF7D1FCD9200C
:104F4000FEF7CEFC0020FEF7CBFCE020FEF7C8FC0D
:104F50000020FEF7C5FCF320FEF7C2FC0020FEF7A0
:104F6000BFFCE120FEF7A8FC1620FEF7B9FC0020EC
:104F7000FEF7B6FC1C20FEF7B3FC0020FEF7B0FCE9
:104F80002220FEF7ADFC0020FEF7AAFC3620FEF73B
:104F9000A7FC0020FEF7A4FC4520FEF7A1FC0020A2
:104FA000FEF79EFC5220FEF79BFC0020FEF798FCCB
:104FB0006420FEF795FC0020FEF792FC7A20FEF7B5
:104FC0008FFC0020FEF78CFC8B20FEF789FC002074
:104FD000FEF786FC9920FEF783FC0020FEF780FC9C
:104FE000A820FEF77DFC0020FEF77AFCB920FEF732
:104FF00077FC0020FEF774FCC420FEF771FC002053
:10500000FEF76EFCCA20FEF76BFC0020FEF768FC82
:10501000D220FEF765FC0020FEF762FCD820FEF7E8
:105020005FFC0020FEF75CFCE020FEF759FC00204E
:10503000FEF756FCF320FEF753FC0020FEF750FC71
:10504000E220FEF739FC0520FEF74AFC0020FEF7BF
:1050500047FC0B20FEF744FC0020FEF741FC1B2020
:10506000FEF73EFC0020FEF73BFC3420FEF738FC48
:105070000020FEF735FC4420FEF732FC0020FEF74E
:105080002FFC4F20FEF72CFC0020FEF729FC6120AE
:10509000FEF726FC0020FEF723FC7920FEF720FC1B
:1050A0000020FEF71DFC8820FEF71AFC0020FEF70A
:1050B00017FC9720FEF714FC0020FEF711FCA62039
:1050C000FEF70EFC0020FEF70BFCB720FEF708FCF5
:1050D0000020FEF705FCC220FEF702FC0020FEF7D0
:1050E000FFFBC720FEF7FCFB0020FEF7F9FBD120F9
:1050F000FEF7F6FB0020FEF7F3FBD620FEF7F0FBF1
:105100000020FEF7EDFBDD20FEF7EAFB0020FEF7B6
:10511000E7FBF320FEF7E4FB0020FEF7E1FBE320D2
:10512000FEF7CAFB0520FEF7DBFB0020FEF7D8FBED
:105130000A20FEF7D5FB0020FEF7D2FB1C20FEF76D
:10514000CFFB0020FEF7CCFB3320FEF7C9FB00208D
:10515000FEF7C6FB4420FEF7C3FB0020FEF7C0FBB2
:105160005020FEF7BDFB0020FEF7BAFB6220FEF7E1
:10517000B7FB0020FEF7B4FB7820FEF7B1FB002060
:10518000FEF7AEFB8820FEF7ABFB0020FEF7A8FB86
:105190009720FEF7A5FB0020FEF7A2FBA620FEF756
:1051A0009FFB0020FEF79CFBB720FEF799FB002039
:1051B000FEF796FBC220FEF793FB0020FEF790FB64
:1051C000C720FEF78DFB0020FEF78AFBD120FEF7FB
:1051D00087FB0020FEF784FBD520FEF781FB002033
:1051E000FEF77EFBDD20FEF77BFB0020FEF778FB61
:1051F000F320FEF775FB0020FEF772FBE420FEF7BC
:105200005BFB0120FEF76CFB0020FEF769FB012031
:10521000FEF766FB0020FEF763FB0220FEF760FB53
:105220000020FEF75DFB2A20FEF75AFB0020FEF768
:1052300057FB3C20FEF754FB0020FEF751FB4B20B0
:10524000FEF74EFB0020FEF74BFB5D20FEF748FB10
:105250000020FEF745FB7420FEF742FB0020FEF71E
:105260003FFB8420FEF73CFB0020FEF739FB932038
:10527000FEF736FB0020FEF733FBA220FEF730FBE3
:105280000020FEF72DFBB320FEF72AFB0020FEF7DF
:1052900027FBBE20FEF724FB0020FEF721FBC420E5
:1052A000FEF71EFB0020FEF71BFBCD20FEF718FBD0
:1052B0000020FEF715FBD320FEF712FB0020FEF7BF
:1052C0000FFBDD20FEF70CFB0020FEF709FBF320AF
:1052D000FEF706FB0020FEF703FBE520FEF7ECFAE5
:1052E0000020FEF7FDFA0020FEF7FAFA0020FEF794
:1052F000F7FA0020FEF7F4FA0220FEF7F1FA002098
:10530000FEF7EEFA2920FEF7EBFA0020FEF7E8FAA6
:105310003C20FEF7E5FA0020FEF7E2FA4B20FEF70C
:10532000DFFA0020FEF7DCFA5D20FEF7D9FA002054
:10533000FEF7D6FA7420FEF7D3FA0020FEF7D0FA73
:105340008420FEF7CDFA0020FEF7CAFA9320FEF77C
:10535000C7FA0020FEF7C4FAA220FEF7C1FA002027
:10536000FEF7BEFAB320FEF7BBFA0020FEF7B8FA4C
:10537000BE20FEF7B5FA0020FEF7B2FAC420FEF711
:10538000AFFA0020FEF7ACFACD20FEF7A9FA002014
:10539000FEF7A6FAD320FEF7A3FA0020FEF7A0FA44
:1053A000DC20FEF79DFA0020FEF79AFAF320FEF7C4
:1053B00097FA0020FEF794FAE620FEF77DFA112016
:1053C000FEF78EFA0020FEF78BFA3420FEF788FAFB
:1053D0000020FEF785FA5620FEF782FA0020FEF73D
:1053E0007FFA7620FEF77CFA0020FEF779FA772024
:1053F000FEF776FA0020FEF773FA6620FEF770FAE1
:105400000020FEF76DFA8820FEF76AFA0020FEF70A
:1054100067FA9920FEF764FA0020FEF761FABB20D4
:10542000FEF75EFA0020FEF75BFA9920FEF758FAC5
:105430000020FEF755FA6620FEF752FA0020FEF72C
:105440004FFA5520FEF74CFA0020FEF749FA552096
:10545000FEF746FA0020FEF743FA4520FEF740FA31
:105460000020FEF73DFA4320FEF73AFA0020FEF74F
:1054700037FA4420FEF734FA0020FEF731FAE7202D
:10548000FEF71AFA3220FEF72BFA0020FEF728FA70
:105490005520FEF725FA0020FEF722FA7620FEF7C7
:1054A0001FFA0020FEF71CFA6620FEF719FA00200A
:1054B000FEF716FA6720FEF713FA0020FEF710FA3F
:1054C0006720FEF70DFA0020FEF70AFA8720FEF7A4
:1054D00007FA0020FEF704FA9920FEF701FA0020EF
:1054E000FEF7FEF9BB20FEF7FBF90020FEF7F8F906
:1054F0009920FEF7F5F90020FEF7F2F97720FEF784
:10550000EFF90020FEF7ECF94420FEF7E9F900205E
:10551000FEF7E6F95620FEF7E3F90020FEF7E0F982
:105520002320FEF7DDF90020FEF7DAF93320FEF73D
:10553000D7F90020FEF7D4F94520FEF7D1F9002075
:10554000FEF7CEF9E820FEF7B7F90020FEF7C8F91C
:105550000020FEF7C5F99920FEF7C2F90020FEF7FA
:10556000BFF98720FEF7BCF90020FEF7B9F98820C3
:10557000FEF7B6F90020FEF7B3F97720FEF7B0F991
:105580000020FEF7ADF96620FEF7AAF90020FEF72D
:10559000A7F98820FEF7A4F90020FEF7A1F9AA20B8
:1055A000FEF79EF90020FEF79BF9BB20FEF798F965
:1055B0000020FEF795F99920FEF792F90020FEF7FA
:1055C0008FF96620FEF78CF90020FEF789F9552047
:1055D000FEF786F90020FEF783F95520FEF780F9E3
:1055E0000020FEF77DF94420FEF77AF90020FEF74F
:1055F00077F94420FEF774F90020FEF771F9552081
:10560000FEF76EF90020FEF76BF9E920FEF754F97A
:10561000AA20FEF765F90020FEF762F90020FEF7E8
:105620005FF90020FEF75CF90020FEF745F9AA209B
:10563000FEF756F9CF20FEF73FF90020FEF750F9AC
:105640000020FEF74DF90020FEF74AF90020FEF792
:1056500047F90020FEF744F90020FEF741F9002049
:10566000FEF73EF90020FEF73BF90020FEF738F97F
:105670000020FEF735F90020FEF732F90020FEF792
:105680002FF90020FEF72CF90020FEF729F9002061
:10569000FEF726F90020FEF723F90020FEF720F997
:1056A000F020FEF709F90020FEF71AF95020FEF766
:1056B00017F90020FEF714F90020FEF711F9002079
:1056C000FEF70EF9F320FEF7F7F80020FEF708F9D1
:1056D000F920FEF7F1F80620FEF702F91020FEF798
:1056E000FFF82920FEF7FCF80020FEF7F9F83A2031
:1056F000FEF7E2F85520FEF7F3F81120FEF7DCF88C
:105700006420FCF7F3FA2920FEF7D6F83520FEF7DF
:10571000D3F80020FEF7E4F85120FEF7CDF8FF2083
:10572000FEF7DEF85320FEF7C7F82C20FEF7D8F876
:105730005520FEF7C1F88220FEF7D2F82C20FEF7A4
:10574000BBF801F047B8044B9B8845F210529342D6
:1057500040F0818702E000BF8801002055214FF40E
:105760007040FEF7E3F8AA214FF20100FEF7DEF8E1
:1057700052214FF20200FEF7D9F808214FF2030040
:10578000FEF7D4F801214FF20400FEF7CFF80D2107
:105790004FF43040FEF7CAF80D214BF20100FEF73E
:1057A000C5F80D214BF20200FEF7C0F834214FF48A
:1057B0003640FEF7BBF834214BF20160FEF7B6F835
:1057C00034214BF20260FEF7B1F80D214FF4314065
:1057D000FEF7ACF80D214BF20110FEF7A7F80D21F2
:1057E0004BF20210FEF7A2F834214FF43740FEF7D7
:1057F0009DF834214BF20170FEF798F834214BF2FA
:105800000270FEF793F800214FF43240FEF78EF855
:1058100000214BF20120FEF789F800214BF2022013
:10582000FEF784F824214FF43840FEF77FF8242156
:105830004BF60100FEF77AF824214BF60200FEF742
:1058400075F801214FF43F40FEF770F80F214FF437
:105850003340FEF76BF80F214BF20130FEF766F88C
:105860000F214BF20230FEF761F834214FF439403A
:10587000FEF75CF834214BF60110FEF757F834219F
:105880004BF60210FEF752F808214FF43540FEF7B0
:105890004DF808214BF20150FEF748F808214BF271
:1058A0000250FEF743F803214FF44240FEF73EF862
:1058B00024214FF43A40FEF739F824214BF6012019
:1058C000FEF734F824214BF60220FEF72FF80021D2
:1058D0004FF43C40FEF72AF878214BF60140FEF7E2
:1058E00025F800214BF60240FEF720F800214FF486
:1058F0003D40FEF71BF878214BF60150FEF716F8F5
:1059000000214BF60250FEF711F800214FF43E4003
:10591000FEF70CF864214BF60160FEF707F8002152
:105920004FF45140FEF702F833214DF20110FDF71C
:10593000FDFF00214DF20210FDF7F8FF34214DF27A
:105940000310FDF7F3FF00214DF20410FDF7EEFF09
:105950003A214DF20510FDF7E9FF00214DF2061046
:10596000FDF7E4FF4A214DF20710FDF7DFFF0021AC
:105970004DF20810FDF7DAFF5C214DF20910FDF73A
:10598000D5FF00214DF20A10FDF7D0FF81214DF225
:105990000B10FDF7CBFF00214DF20C10FDF7C6FFF9
:1059A000A6214DF20D10FDF7C1FF00214DF20E10A2
:1059B000FDF7BCFFE5214DF20F10FDF7B7FF012108
:1059C0004DF21010FDF7B2FF13214DF21110FDF74B
:1059D000ADFF01214DF21210FDF7A8FF54214DF249
:1059E0001310FDF7A3FF01214DF21410FDF79EFFE8
:1059F00082214DF21510FDF799FF01214DF216108D
:105A0000FDF794FFCA214DF21710FDF78FFF022119
:105A10004DF21810FDF78AFF00214DF21910FDF725
:105A200085FF02214DF21A10FDF780FF01214DF292
:105A30001B10FDF77BFF02214DF21C10FDF776FFD6
:105A400034214DF21D10FDF771FF02214DF21E10A1
:105A5000FDF76CFF67214DF21F10FDF767FF022174
:105A60004DF22010FDF762FF84214DF22110FDF769
:105A70005DFF02214DF22210FDF758FFA4214DF2E7
:105A80002310FDF753FF02214DF22410FDF74EFFC6
:105A9000B7214DF22510FDF749FF02214DF22610E6
:105AA000FDF744FFCF214DF22710FDF73FFF022104
:105AB0004DF22810FDF73AFFDE214DF22910FDF7D7
:105AC00035FF02214DF22A10FDF730FFF2214DF291
:105AD0002B10FDF72BFF02214DF22C10FDF726FFB6
:105AE000FE214DF22D10FDF721FF03214DF22E1066
:105AF000FDF71CFF10214DF22F10FDF717FF0321BA
:105B00004DF23010FDF712FF33214DF23110FDF749
:105B10000DFF03214DF23210FDF708FF6D214DF20C
:105B20003310FDF703FF00214FF45240FDF7FEFE56
:105B300033214DF20120FDF7F9FE00214DF2022044
:105B4000FDF7F4FE34214DF20320FDF7EFFE0021B6
:105B50004DF20420FDF7EAFE3A214DF20520FDF753
:105B6000E5FE00214DF20620FDF7E0FE4A214DF250
:105B70000720FDF7DBFE00214DF20820FDF7D6FEE1
:105B80005C214DF20920FDF7D1FE00214DF20A20E3
:105B9000FDF7CCFE81214DF20B20FDF7C7FE002161
:105BA0004DF20C20FDF7C2FEA6214DF20D20FDF7AF
:105BB000BDFE00214DF20E20FDF7B8FEE5214DF2AD
:105BC0000F20FDF7B3FE01214DF21020FDF7AEFED0
:105BD00013214DF21120FDF7A9FE01214DF21220F3
:105BE000FDF7A4FE54214DF21320FDF79FFE012185
:105BF0004DF21420FDF79AFE82214DF21520FDF79B
:105C000095FE01214DF21620FDF790FECA214DF2BE
:105C10001720FDF78BFE02214DF21820FDF786FEBE
:105C200000214DF21920FDF781FE02214DF21A20CC
:105C3000FDF77CFE01214DF21B20FDF777FE0221CE
:105C40004DF21C20FDF772FE34214DF21D20FDF7B0
:105C50006DFE02214DF21E20FDF768FE67214DF218
:105C60001F20FDF763FE02214DF22020FDF75EFEAE
:105C700084214DF22120FDF759FE02214DF2222010
:105C8000FDF754FEA4214DF22320FDF74FFE022123
:105C90004DF22420FDF74AFEB7214DF22520FDF7F5
:105CA00045FE02214DF22620FDF740FECF214DF2A8
:105CB0002720FDF73BFE02214DF22820FDF736FE9E
:105CC000DE214DF22920FDF731FE02214DF22A207E
:105CD000FDF72CFEF2214DF22B20FDF727FE0221CD
:105CE0004DF22C20FDF722FEFE214DF22D20FDF776
:105CF0001DFE03214DF22E20FDF718FE10214DF25E
:105D00002F20FDF713FE03214DF23020FDF70EFE8C
:105D100033214DF23120FDF709FE03214DF23220EF
:105D2000FDF704FE6D214DF23320FDF7FFFD00214C
:105D30004FF45340FDF7FAFD33214DF20130FDF7EA
:105D4000F5FD00214DF20230FDF7F0FD34214DF25A
:105D50000330FDF7EBFD00214DF20430FDF7E6FDC9
:105D60003A214DF20530FDF7E1FD00214DF20630FC
:105D7000FDF7DCFD4A214DF20730FDF7D7FD00218C
:105D80004DF20830FDF7D2FD5C214DF20930FDF7F0
:105D9000CDFD00214DF20A30FDF7C8FD81214DF205
:105DA0000B30FDF7C3FD00214DF20C30FDF7BEFDB9
:105DB000A6214DF20D30FDF7B9FD00214DF20E3058
:105DC000FDF7B4FDE5214DF20F30FDF7AFFD0121E8
:105DD0004DF21030FDF7AAFD13214DF21130FDF701
:105DE000A5FD01214DF21230FDF7A0FD54214DF229
:105DF0001330FDF79BFD01214DF21430FDF796FDA8
:105E000082214DF21530FDF791FD01214DF2163042
:105E1000FDF78CFDCA214DF21730FDF787FD0221F9
:105E20004DF21830FDF782FD00214DF21930FDF7DB
:105E30007DFD02214DF21A30FDF778FD01214DF272
:105E40001B30FDF773FD02214DF21C30FDF76EFD96
:105E500034214DF21D30FDF769FD02214DF21E3057
:105E6000FDF764FD67214DF21F30FDF75FFD022154
:105E70004DF22030FDF75AFD84214DF22130FDF71F
:105E800055FD02214DF22230FDF750FDA4214DF2C7
:105E90002330FDF74BFD02214DF22430FDF746FD86
:105EA000B7214DF22530FDF741FD02214DF226309C
:105EB000FDF73CFDCF214DF22730FDF737FD0221E4
:105EC0004DF22830FDF732FDDE214DF22930FDF78D
:105ED0002DFD02214DF22A30FDF728FDF2214DF271
:105EE0002B30FDF723FD02214DF22C30FDF71EFD76
:105EF000FE214DF22D30FDF719FD03214DF22E301C
:105F0000FDF714FD10214DF22F30FDF70FFD032199
:105F10004DF23030FDF70AFD33214DF23130FDF7FF
:105F200005FD03214DF23230FDF700FD6D214DF2EC
:105F30003330FDF7FBFC00214FF45440FDF7F6FC35
:105F400033214DF20140FDF7F1FC00214DF20240FA
:105F5000FDF7ECFC34214DF20340FDF7E7FC002196
:105F60004DF20440FDF7E2FC3A214DF20540FDF709
:105F7000DDFC00214DF20640FDF7D8FC4A214DF230
:105F80000740FDF7D3FC00214DF20840FDF7CEFCA1
:105F90005C214DF20940FDF7C9FC00214DF20A4099
:105FA000FDF7C4FC81214DF20B40FDF7BFFC002141
:105FB0004DF20C40FDF7BAFCA6214DF20D40FDF765
:105FC000B5FC00214DF20E40FDF7B0FCE5214DF28D
:105FD0000F40FDF7ABFC01214DF21040FDF7A6FC90
:105FE00013214DF21140FDF7A1FC01214DF21240A9
:105FF000FDF79CFC54214DF21340FDF797FC012165
:106000004DF21440FDF792FC82214DF21540FDF750
:106010008DFC01214DF21640FDF788FCCA214DF29E
:106020001740FDF783FC02214DF21840FDF77EFC7E
:1060300000214DF21940FDF779FC02214DF21A4082
:10604000FDF774FC01214DF21B40FDF76FFC0221AE
:106050004DF21C40FDF76AFC34214DF21D40FDF766
:1060600065FC02214DF21E40FDF760FC67214DF2F8
:106070001F40FDF75BFC02214DF22040FDF756FC6E
:1060800084214DF22140FDF751FC02214DF22240C6
:10609000FDF74CFCA4214DF22340FDF747FC022103
:1060A0004DF22440FDF742FCB7214DF22540FDF7AB
:1060B0003DFC02214DF22640FDF738FCCF214DF288
:1060C0002740FDF733FC02214DF22840FDF72EFC5E
:1060D000DE214DF22940FDF729FC02214DF22A4034
:1060E000FDF724FCF2214DF22B40FDF71FFC0221AD
:1060F0004DF22C40FDF71AFCFE214DF22D40FDF72C
:1061000015FC03214DF22E40FDF710FC10214DF23D
:106110002F40FDF70BFC03214DF23040FDF706FC4C
:1061200033214DF23140FDF701FC03214DF23240A5
:10613000FDF7FCFB6D214DF23340FDF7F7FB00212D
:106140004FF45540FDF7F2FB33214DF20150FDF7BE
:10615000EDFB00214DF20250FDF7E8FB34214DF23A
:106160000350FDF7E3FB00214DF20450FDF7DEFB89
:106170003A214DF20550FDF7D9FB00214DF20650B2
:10618000FDF7D4FB4A214DF20750FDF7CFFB00216C
:106190004DF20850FDF7CAFB5C214DF20950FDF7A6
:1061A000C5FB00214DF20A50FDF7C0FB81214DF2E5
:1061B0000B50FDF7BBFB00214DF20C50FDF7B6FB79
:1061C000A6214DF20D50FDF7B1FB00214DF20E500E
:1061D000FDF7ACFBE5214DF20F50FDF7A7FB0121C8
:1061E0004DF21050FDF7A2FB13214DF21150FDF7B7
:1061F0009DFB01214DF21250FDF798FB54214DF209
:106200001350FDF793FB01214DF21450FDF78EFB67
:1062100082214DF21550FDF789FB01214DF21650F8
:10622000FDF784FBCA214DF21750FDF77FFB0221D9
:106230004DF21850FDF77AFB00214DF21950FDF791
:1062400075FB02214DF21A50FDF770FB01214DF252
:106250001B50FDF76BFB02214DF21C50FDF766FB56
:1062600034214DF21D50FDF761FB02214DF21E500D
:10627000FDF75CFB67214DF21F50FDF757FB022134
:106280004DF22050FDF752FB84214DF22150FDF7D5
:106290004DFB02214DF22250FDF748FBA4214DF2A7
:1062A0002350FDF743FB02214DF22450FDF73EFB46
:1062B000B7214DF22550FDF739FB02214DF2265052
:1062C000FDF734FBCF214DF22750FDF72FFB0221C4
:1062D0004DF22850FDF72AFBDE214DF22950FDF743
:1062E00025FB02214DF22A50FDF720FBF2214DF251
:1062F0002B50FDF71BFB02214DF22C50FDF716FB36
:10630000FE214DF22D50FDF711FB03214DF22E50D1
:10631000FDF70CFB10214DF22F50FDF707FB032179
:106320004DF23050FDF702FB33214DF23150FDF7B5
:10633000FDFA03214DF23250FDF7F8FA6D214DF2CE
:106340003350FDF7F3FA00214FF45640FDF7EEFA13
:1063500033214DF20160FDF7E9FA00214DF20260B0
:10636000FDF7E4FA34214DF20360FDF7DFFA002176
:106370004DF20460FDF7DAFA3A214DF20560FDF7BF
:10638000D5FA00214DF20660FDF7D0FA4A214DF210
:106390000760FDF7CBFA00214DF20860FDF7C6FA61
:1063A0005C214DF20960FDF7C1FA00214DF20A604F
:1063B000FDF7BCFA81214DF20B60FDF7B7FA002121
:1063C0004DF20C60FDF7B2FAA6214DF20D60FDF71B
:1063D000ADFA00214DF20E60FDF7A8FAE5214DF26D
:1063E0000F60FDF7A3FA01214DF21060FDF79EFA50
:1063F00013214DF21160FDF799FA01214DF212605F
:10640000FDF794FA54214DF21360FDF78FFA012144
:106410004DF21460FDF78AFA82214DF21560FDF706
:1064200085FA01214DF21660FDF780FACA214DF27E
:106430001760FDF77BFA02214DF21860FDF776FA3E
:1064400000214DF21960FDF771FA02214DF21A6038
:10645000FDF76CFA01214DF21B60FDF767FA02218E
:106460004DF21C60FDF762FA34214DF21D60FDF71C
:106470005DFA02214DF21E60FDF758FA67214DF2D8
:106480001F60FDF753FA02214DF22060FDF74EFA2E
:1064900084214DF22160FDF749FA02214DF222607C
:1064A000FDF744FAA4214DF22360FDF73FFA0221E3
:1064B0004DF22460FDF73AFAB7214DF22560FDF761
:1064C00035FA02214DF22660FDF730FACF214DF268
:1064D0002760FDF72BFA02214DF22860FDF726FA1E
:1064E000DE214DF22960FDF721FA02214DF22A60EA
:1064F000FDF71CFAF2214DF22B60FDF717FA02218D
:106500004DF22C60FDF712FAFE214DF22D60FDF7E1
:106510000DFA03214DF22E60FDF708FA10214DF21D
:106520002F60FDF703FA03214DF23060FDF7FEF90D
:1065300033214DF23160FDF7F9F903214DF232605C
:10654000FDF7F4F96D214DF23360FDF7EFF95521B8
:106550004FF47040FDF7EAF9AA214FF20100FDF770
:10656000E5F952214FF20200FDF7E0F908214FF260
:106570000300FDF7DBF900214FF20400FDF7D6F927
:10658000CC214FF43140FDF7D1F900214BF201103D
:10659000FDF7CCF905214FF43640FDF7C7F970211E
:1065A0004FF43740FDF7C2F970214BF20170FDF74F
:1065B000BDF901214FF43840FDF7B8F903214BF63E
:1065C0000100FDF7B3F903214BF60200FDF7AEF928
:1065D00003214BF60300FDF7A9F902214FF43C40DB
:1065E000FDF7A4F900214BF60140FDF79FF90021CA
:1065F0004BF60240FDF79AF9D0214FF44940FDF7E0
:1066000095F902214CF60110FDF790F950214CF656
:106610000210FDF78BF950214CF60310FDF786F9B7
:1066200050214CF60410FDF781F900214FF454502D
:10663000FDF77CF955214FF46850FDF777F94FF4D9
:106640008850FDF739F90120FBF750FB4FF4245037
:10665000FDF732F9BEE0674B9B8841F66312934227
:1066600040F0B880E220FDF727F91D20FDF738F94A
:106670000220FDF735F90420FDF732F90120FBF780
:1066800035FBE020FDF718F90120FDF729F90A2074
:10669000FBF72CFBE020FDF70FF90320FDF720F9B5
:1066A0000C20FBF723FB0120FDF706F90A20FBF77E
:1066B0001DFBE620FDF700F92F20FDF711F9FF2063
:1066C000FDF70EF9FF20FDF70BF9B020FDF7F4F808
:1066D0002020FDF705F90020FDF702F90320FDF762
:1066E000FFF840F21F30FDF7FBF80120FDF7F8F846
:1066F00040F2DF10FDF7F4F80020FDF7F1F8B420C8
:10670000FDF7DAF80420FDF7EBF840F21F40FDF743
:10671000E7F80020FDF7E4F82E20FDF7E1F800206F
:10672000FDF7DEF80020FDF7DBF80020FDF7D8F8D4
:106730000020FDF7D5F8B620FDF7BEF80220FDF7E2
:10674000CFF84FF40370FDF7CBF80020FDF7C8F841
:106750001720FDF7C5F81520FDF7C2F80020FDF75A
:10676000BFF80020FDF7BCF8F020FDF7A5F80320E6
:10677000FDF7B6F82920FDF79FF8D020FDF79CF82B
:106780000020FDF7ADF8BE20FDF796F80520FDF7D7
:10679000A7F8FE20FDF7A4F80120FDF7A1F80020DE
:1067A000FDF79EF80020FDF79BF80020FDF798F814
:1067B000B820FDF781F80320FDF792F80120FDF7DE
:1067C0008FF8BA20FDF778F80120FDF789F86420EA
:1067D000FDF7FEFB0020FDF72FFC01224FF40041E6
:1067E0000548FBF7E5F84FF6FF7000F007F800BF2B
:1067F00080BD00BF880100200004024080B584B045
:1068000000AF0346FB800023FB60114B1B88BB607D
:106810000F4B5B881A46BB6802FB03F3BB60002189
:106820000020FDF7A9F8FDF797F80023FB6005E0CD
:10683000084AFB885380FB680133FB60FA68BB6839
:106840009A42F5D300BF00BF1037BD4680BD00BFE0
:10685000880100207E00006C90B585B000AF044632
:10686000084611461A462346FB800346BB800B466A
:106870007B8013463B8000237B817A88FB88D31A78
:106880009BB201337B81BB88FB8117E0FA89FB88CF
:1068900011461846FDF770F8FDF75EF80023BB813E
:1068A00005E00B4A3B8C5380BB890133BB81BA891D
:1068B0007B899A42F5D3FB890133FB81FA893B88B6
:1068C0009A42E3D900BF00BF1437BD4690BD00BF58
:1068D0007E00006C90B58DB000AF044608461146AE
:1068E0001A462346FB800346BB800B467B8013463B
:1068F0003B800023BB6200237B627A88FB88D31A2B
:106900003B623A88BB88D31AFB61FB88FB60BB887B
:10691000BB603B6A002B02DD01237B610BE03B6A1D
:10692000002B02D100237B6105E04FF0FF337B6138
:106930003B6A5B423B62FB69002B02DD01233B614A
:106940000BE0FB69002B02D100233B6105E04FF017
:10695000FF333B61FB695B42FB613A6AFB699A4228
:1069600002DD3B6ABB6101E0FB69BB610023FB8583
:106970002AE0FB689BB2BA6892B211461846FDF74E
:106980004DFABA6A3B6A1344BB627A6AFB691344E4
:106990007B62BA6ABB699A4207DDBA6ABB69D31ADD
:1069A000BB62FA687B691344FB607A6ABB699A42EE
:1069B00007DD7A6ABB69D31A7B62BA683B69134404
:1069C000BB60FB8D0133FB85FA8DBB6901339A42B5
:1069D000CFDD00BF00BF3437BD4690BD90B583B05A
:1069E00000AF0446084611461A462346FB8003467C
:1069F000BB800B467B8013463B80BB887A88B98876
:106A0000F888FFF767FF3B88FA88B988F888FFF7AE
:106A100061FF3B887A883988F888FFF75BFF3B88FD
:106A20007A88B9887888FFF755FF00BF0C37BD46D4
:106A300090BD000090B585B000AF044608461146F1
:106A40001A462346FB800346BB800B46FB70134669
:106A5000BB70BB887B81BB78DB08DBB21A46BB7896
:106A600003F00703DBB2002B14BF01230023DBB2CA
:106A70001344DAB2BB785B08DBB212FB03F37B7220
:106A8000FB78203BFB7000237B7369E0BB780C2B09
:106A90000BD1FA78797B384813465B0013449B008E
:106AA00003440B441B78FB7319E0BB78102B08D10F
:106AB000FA787B7B314912010A4413441B78FB733B
:106AC0000DE0BB78182B50D1FA78797B2C4813460F
:106AD000DB0013449B0003440B441B78FB7300232F
:106AE000BB7335E097F90F30002B07DA254B1A8876
:106AF000B988FB881846FDF7ADF90AE097F8203011
:106B0000002B06D1204B1A88B988FB881846FDF760
:106B1000A1F9FB7B5B00FB73BB880133BB801B4B84
:106B20005B88BA889A4222D2BA887B89D21ABB780B
:106B30009A420AD17B89BB80FB880133FB80134BCF
:106B40001B88FA889A4207D312E0BB7B0133BB73E0
:106B5000BB7B072BC6D900E000BF7B7B01337B7377
:106B60007A7B7B7A9A4291D302E000BF00E000BFBB
:106B70001437BD4690BD00BF9C94000810990008D2
:106B8000009F0008840100200A00002088010020E6
:106B900080B485B000AF03460A46FB711346BB7153
:106BA0000123FB6004E0FA79FB6802FB03F3FB605E
:106BB000BB795A1EBA71002BF5D1FB681846143701
:106BC000BD465DF8047B704790B589B002AFBA60EE
:106BD0001A460346FB810B46BB811346FB7100231B
:106BE000BB750023FB757EE0FA79FB7DD31ADBB21F
:106BF000013BDBB219460A20FFF7CAFF0246BB6819
:106C0000B3FBF2F13D4BA3FB0123DA0813469B00D3
:106C100013445B00CA1A13467B75BB7D002B43D11E
:106C2000FA7DFB79013B9A423EDA7B7D002B39D11C
:106C300097F92C30002B1ADA97F828305B08DBB272
:106C40001A46FB7D9BB212FB03F39AB2FB891344F5
:106C500098B297F82C3003F00103DBB297F82820A4
:106C6000B989009313463022FFF7E4FE38E097F825
:106C700028305B08DBB21A46FB7D9BB212FB03F3A4
:106C80009AB2FB89134498B297F82C3003F00103B1
:106C9000DBB297F82820B989009313462022FFF72A
:106CA000C9FE1DE00123BB7597F828305B08DBB2F5
:106CB0001A46FB7D9BB212FB03F39AB2FB89134485
:106CC00098B27B7D3033DAB297F82C3003F00103B1
:106CD000DBB297F82840B98900932346FFF7AAFE54
:106CE000FB7D0133FB75FA7DFB799A42FFF47CAFA3
:106CF00000BF00BF1C37BD4690BD00BFCDCCCCCC83
:106D000090B587B002AF0446084611461A4623469E
:106D1000FB800346BB800B467B8013463B80FB8891
:106D2000FB737A88FB8813447B803A88BB881344C2
:106D30003B8024E0FA887B889A4207D3FB7BFB8068
:106D400097F820309AB2BB881344BB80BA883B883E
:106D50009A421DD27B6A1A7897F82030B988F88851
:106D600000240094FFF766FE97F820305B08DBB242
:106D70001A46FB881344FB807B6A01337B627B6A83
:106D80001B787E2B05D87B6A1B781F2BD2D800E09E
:106D900000BF00BF1437BD4690BD000080B483B073
:106DA00000AF7860396006497B689A003B681344FD
:106DB00031F8133018460C37BD465DF8047B704738
:106DC0005CAC000880B584B000AFF860B9607A6050
:106DD0003B60B968F868FFF7E1FF034619463B6876
:106DE0009A007B68134441FA03F303F00103184649
:106DF0001037BD4680BD000090B587B002AF034696
:106E0000FB710B46BB7113467B71FB799BB25B0137
:106E10009BB21433FB81BB799BB25B019BB22833DD
:106E2000BB81FB891F337B81BB891F333B817B790E
:106E3000002B13D13B897A89B989F8894FF6FF7401
:106E40000094FFF709FD1D4B4CF218621A803B8934
:106E50007A89B989F889FFF7C1FD2BE07B79184A57
:106E600032F813303C897A89B989F889009323462E
:106E7000FFF7F2FC114B4FF6FF721A80BB897A893B
:106E8000B989F889FFF726FD3B89FA89B989F8891C
:106E9000FFF720FD094B48F230421A803B897A897E
:106EA0003989F889FFF716FD3B897A89B98978898C
:106EB000FFF710FD00BF1437BD4690BD84010020D0
:106EC00094AC000890B587B002AF0346FB710B4647
:106ED000BB7113467B71FB799BB21A469200134437
:106EE0009B009BB203F5B473FB81BB799BB21A463E
:106EF000920013449B009BB25033BB81FB89133338
:106F00007B81BB8913333B817B79002B04D07B7958
:106F1000084A32F8133001E04FF6FF733C897A8952
:106F2000B989F88900932346FFF796FC00BF143710
:106F3000BD4690BD94AC000890B583B000AF00236F
:106F40007B601CE000233B6013E03B68D8B27B68A9
:106F5000D9B20F4C7A6813469B0013445B00E218C9
:106F60003B6813441B781A46FFF746FF3B68013322
:106F70003B603B68092BE8DD7B6801337B607B6805
:106F8000132BDFDD00BF00BF0C37BD4690BD00BF37
:106F90009801002090B585B000AF0023FB6045E06C
:106FA0000023BB603CE0254B93F900301846244B8E
:106FB00093F900301946FB68BA68FFF703FF0346F0
:106FC000002B2AD01F4B93F900301A46BB6813449C
:106FD0007B601D4B93F900301A46FB6813443B60FD
:106FE0007B68002B19DB7B68092B16DC3B68002BC8
:106FF00013DB3B68132B10DC7B68D8B23B68D9B23B
:10700000124C3A6813469B0013445B00E2187B68FD
:1070100013441B781A46FFF7EFFEBB680133BB60D1
:10702000BB68032BBFDDFB680133FB60FB68032BF0
:10703000B6DD00BF00BF1437BD4690BD6002002022
:1070400062020020630200206402002098010020F8
:1070500080B584B000AF0023FB6041E00023BB603B
:1070600038E0234B93F900301846224B93F9003057
:107070001946FB68BA68FFF7A5FE0346002B26D029
:107080001D4B93F900301A46BB6813447B601B4BC1
:1070900093F900301A46FB6813443B607B68002B71
:1070A00015DB7B68092B12DC3B68002B0FDB3B6890
:1070B000132B0CDC7B68D8B23B68D9B20C4B93F92C
:1070C0000030DBB20133DBB21A46FFF795FEBB6836
:1070D0000133BB60BB68032BC3DDFB680133FB607E
:1070E000FB68032BBADD00BF00BF1037BD4680BD73
:1070F000600200206202002063020020640200207F
:1071000080B584B002AF4FF6FF7300939F2340F227
:10711000B71250214FF4B470FFF79EFB00237B6041
:1071200024E000233B601BE0144B93F90030184629
:107130007B683A680021FFF745FE0346002B0CD020
:107140003B68D8B27B68D9B20C4B93F90030DBB204
:107150000133DBB21A46FFF7B5FE3B6801333B60F3
:107160003B68032BE0DD7B6801337B607B68032B8E
:10717000D7DD00BF00BF0837BD4680BD61020020DB
:1071800080B582B002AF184B00221A80174B4FF621
:10719000FF721A80164B1A68802301931023009304
:1071A0000623DC214FF4B470FFF70EFD114B1A6873
:1071B000802301931023009306234FF48C714FF426
:1071C000B470FFF701FD0C4B1A6880230193102364
:1071D000009302234FF4AA714FF4B470FFF7F4FC4C
:1071E00000BFBD4680BD00BF840100200A00002012
:1071F000680200206C0200207002002080B588B078
:1072000000AFF860B9607A600023FB613BE00023C7
:10721000BB6132E0204B93F900301846FB69BA6934
:107220007968FFF7CFFD0346002B23D0FA68BB69CE
:1072300013447B61BA68FB6913443B617B69002B93
:1072400005DB7B69092B02DC3B69132B01DD012384
:107250001DE03B69002B0DDB10493A6913469B008A
:1072600013445B00CA187B6913441B78002B01D0C0
:1072700001230CE0BB690133BB61BB69032BC9DD92
:10728000FB690133FB61FB69032BC0DD002318465A
:107290002037BD4680BD00BF60020020980100205D
:1072A00080B584B000AF0023FB6045E00023BB60E5
:1072B0003CE0254B93F900301846244B93F90030FD
:1072C0001946FB68BA68FFF77DFD0346002B2AD0FC
:1072D0001F4B93F900301A46BB6813447B601D4B6B
:1072E00093F900301A46FB6813443B603B68002B5F
:1072F00019DB3B68132B16DC7B68002B13DB7B68E8
:10730000092B10DC104B93F90030DBB20133D8B2FB
:1073100011493A6813469B0013445B00CA187B6806
:10732000134402461A70BB680133BB60BB68032B71
:10733000BFDDFB680133FB60FB68032BB6DD00BFDC
:1073400000BF1037BD4680BD6002002062020020F1
:1073500063020020640200209801002080B584B000
:1073600000AF786039600323FB6016E00023BB6048
:107370000DE0BB68FA6839687868FFF723FD0346BB
:10738000002B01D0FB680CE0BB680133BB60BB681D
:10739000032BEEDDFB68013BFB60FB68002BE5DAAD
:1073A000002318461037BD4680BD000080B586B06A
:1073B00000AF00237B6113233B6146E00123FB60A8
:1073C0000023BB6011E03B493A6913469B0013441C
:1073D0005B00CA18BB6813441B78002B02D1002342
:1073E000FB6005E0BB680133BB60BB68092BEADDCD
:1073F000FB68002B26D07B6901337B613B697B6096
:1074000015E07A6813469B0013445B00294A9818DC
:107410007B685A1E13469B0013445B00254A1344A5
:107420000A22194601F085F97B68013B7B607B6885
:10743000002BE6DC0A2200211E4801F0FFF83B6920
:1074400001333B613B69013B3B613B69002BB5DA92
:107450007B69002B2AD0184A7B6952F823301A46E0
:10746000164B1B681344154A1360154B1A687B6949
:107470001344134A1360124B1B68124AA2FB0323E6
:10748000DB08114A1360104B1A6813461B019B1A44
:107490005B00C3F5FA730D4A13600C4B1B68632B3A
:1074A00002D80A4B64221A60FFF76AFE00BF183741
:1074B000BD4680BD98010020A4AC000868020020F1
:1074C0006C020020CDCCCCCC7002002074020020D5
:1074D00080B500AF1B4B93F900201B4B1A7000F0D6
:1074E00067FF0246194B83FB021313449910D3170D
:1074F000C91A0B46DB005B1AD11A4AB2114B1A703B
:10750000134B00221A70134B03221A70124B0022E5
:107510001A70104B93F9003018460F4B93F9003056
:1075200019460B4B93F900301A46FFF767FE0346E6
:10753000002B03D0094B02221A7001E0FFF7E0FD97
:1075400080BD00BF610200206002002093244992A8
:1075500062020020630200206402002080020020FA
:1075600080B500AF01224FF480710748FAF720FA86
:107570001420FAF7BBFB00224FF480710248FAF79F
:1075800017FA00BF80BD00BF0014024080B586B06E
:1075900000AFFAF79FFBB860974B1B68BA68D31A25
:1075A000132B40F22581944ABB6813600421934851
:1075B000FAF7E6F90346002B29D1914B1B78002BF3
:1075C00028D18F4B01221A708E4B93F90030013B6A
:1075D0008D4A92F9002011468C4A92F900201846F3
:1075E000FFF70CFE0346002B14D100F0A5FCFFF7BB
:1075F000D1FC844B93F90030DBB2013BDBB25AB2D1
:10760000804B1A70FFF724FD00F0F4FC02E07C4B85
:1076100000221A7010217948FAF7B2F90346002BBC
:1076200029D17B4B1B78002B28D1794B01221A7072
:10763000744B93F900300133734A92F900201146DC
:10764000724A92F900201846FFF7D8FD0346002B36
:1076500014D100F071FCFFF79DFC6A4B93F90030E8
:10766000DBB20133DBB25AB2664B1A70FFF7F0FCA3
:1076700000F0C0FC02E0664B00221A700121654850
:10768000FAF77EF90346002B69D1634B1B78002B78
:1076900068D1614B01221A7000F04EFCFFF77AFCB2
:1076A0005A4B93F90030013303F003037B60554BD1
:1076B00093F900307B6102E07B69013B7B61574BB2
:1076C00093F9003079681846FFF748FE02467B6957
:1076D0001344092BF0DC4C4B93F900307A681946BF
:1076E0007869FFF78BFD0346002B2BD000233B610D
:1076F0000123FB6017E07A69FB681344424A92F960
:10770000002011467A681846FFF778FD0346002BE3
:1077100006D17A69FB6813447B6101233B6105E074
:10772000FB680133FB60FB68022BE4DD3B69002B47
:1077300010D07B685AB2354B1A707B695AB2314B04
:107740001A7007E07B685AB2304B1A707B695AB2E4
:107750002C4B1A70FFF77CFC00F04CFC02E02E4B27
:1077600000221A7008212548FAF70AF90346002B6F
:107770003AD12B4B1B78002B3BD1294B01221A709D
:1077800000F0DAFBFFF706FC08E01F4B93F900302E
:10779000DBB20133DBB25AB21B4B1A70194B93F9AF
:1077A00000301846184B93F900300133174A92F90C
:1077B00000201946FFF722FD0346002BE5D0FFF716
:1077C0006FFDFFF7B9FBFFF7F1FDFFF7B5FBFFF723
:1077D000C7FEFFF77DFE134B1B78012B09D1FFF786
:1077E00037FC00F007FC04E00D4B00221A7000E0AB
:1077F00000BF1837BD4680BD7C020020001002404B
:107800008202002063020020640200206202002045
:107810008302002000000240840200206002002059
:10782000850200208002002080B582B002AF4FF6B2
:10783000FF73009340F2A72340F253122821142033
:10784000FFF70AF8334B00221A80334B4FF6FF72D2
:107850001A80324B01931823009318234FF4967229
:1078600078213220FFF74CFA2A4B00221A802C4B49
:1078700001931023009310237822B4212320FFF7D3
:107880003FFA284B1A6880230193102300930623A4
:10789000B4216420FFF798F9234B01931023009340
:1078A00010237822D2212320FFF72AFA1F4B1A68CF
:1078B00080230193102300930623D2216420FFF735
:1078C00083F91B4B01931023009310237822F0219E
:1078D0002320FFF715FA174B1A6880230193102312
:1078E00000930223F0216420FFF76EF9094B48F260
:1078F00030421A80104B01931023009310234FF451
:1079000096724FF4A0713220FFF7FAF900BFBD461E
:1079100080BD00BF840100200A0000209893000869
:10792000A493000868020020AC9300086C020020B9
:10793000B493000870020020BC93000880B582B0A8
:1079400002AFFCF731FC0020FCF776FB4FF6FF702E
:10795000FEF754FF584B4FF6FF721A80574B002228
:107960001A80574B0193182300931823C8220A2129
:107970001420FFF7C5F90023009326234FF4E67285
:1079800023211420FEF768FF4FF42A734FF4AA72E4
:1079900027211320FFF722F8484B48F230421A8083
:1079A000484B019310230093102350223C214FF4A5
:1079B000B470FFF7A5F9A0234FF4DC724F2140F219
:1079C0006710FFF70BF83D4B00221A803E4B0193E6
:1079D0001023009310235022C8214FF4B470FFF7F6
:1079E0008FF93A4B019310230093102350224FF448
:1079F00082714FF4B470FFF783F9354B0193102374
:107A00000093102350224FF4A0714FF4B470FFF78D
:107A100077F92A4B4CF218621A802E4B01930C23F3
:107A200000930C2364224FF402714FF4B470FFF7FB
:107A300067F9294B01930C2300930C2364224FF424
:107A400006714FF4B470FFF75BF9244B01930C23DC
:107A500000930C2364224FF40A714FF4B470FFF7C3
:107A60004FF91F4B01930C2300930C2364224FF416
:107A70000E714FF4B470FFF743F90023009340F206
:107A8000FB234FF4E6724FF43E711420FEF7E4FE40
:107A90000A4B4CF218621A80124B01930C2300938C
:107AA0000C234FF4967240F202311420FFF728F9AC
:107AB00000BFBD4680BD00BF0A0000208401002039
:107AC000C8930008D4930008A4930008AC9300085E
:107AD000B4930008DC930008E8930008F4930008CE
:107AE000009400080C94000880B485B000AF786062
:107AF0000023FB7372B600BF0B4B1B78DBB2002B6D
:107B000008D0094B00221A70084B1A687B681A606B
:107B10000123FB7362B600BFFB7B18461437BD46DA
:107B20005DF8047B704700BF790100207C010020D4
:107B300080B586B000AF78607B68834A93423BD0C3
:107B40007B68814A934200F2FB807B687F4A9342C4
:107B500056D07B687D4A934200F2F2807B687C4A73
:107B6000934200F0B3807B687A4A934240F0E88009
:107B7000794B93F90030013B784A92F90020114685
:107B8000774A92F900201846FFF738FB0346002B8E
:107B900040F0D38000F0D0F9FFF7FCF96E4B93F979
:107BA0000030DBB2013BDBB25AB26B4B1A70FFF70D
:107BB0004FFA00F01FFAC0E0674B93F90030013331
:107BC000664A92F900201146654A92F9002018464B
:107BD000FFF714FB0346002B40F0B18000F0ACF936
:107BE000FFF7D8F95C4B93F90030DBB20133DBB21D
:107BF0005AB2594B1A70FFF72BFA00F0FBF99EE0CE
:107C000000F09AF9FFF7C6F9554B93F900300133AC
:107C100003F003037B61504B93F900303B6102E0BA
:107C20003B69013B3B614F4B93F900307969184642
:107C3000FFF794FB02463B691344092BF0DC474BEA
:107C400093F900307A6919463869FFF7D7FA034685
:107C5000002B2ED00123FB6015E03A69FB6813442A
:107C60003E4A92F9002011467A691846FFF7C6FA93
:107C70000346002B04D13A69FB6813443B6105E0DD
:107C8000FB680133FB60FB68022BE6DD334B93F9A5
:107C900000307A6919463869FFF7B0FA0346002BBD
:107CA00007D02F4B93F900307B612B4B93F90030B9
:107CB0003B617B695AB22A4B1A703B695AB2264B18
:107CC0001A70FFF7C5F900F095F939E000F034F9C2
:107CD000FFF760F908E0214B93F90030DBB2013384
:107CE000DBB25AB21D4B1A701B4B93F90030184689
:107CF0001A4B93F900300133194A92F900201946C2
:107D0000FFF77CFA0346002BE5D0FFF7C9FAFFF72F
:107D100013F9FFF74BFBFFF70FF9FFF721FCFFF714
:107D2000D7FB114B1B78012B04D1FFF791F900F021
:107D300061F905E0FFF778FD02E000BF00E000BF59
:107D400000BF1837BD4680BD3DC2FF009D62FF00E9
:107D5000FD02FF00DD22FF0063020020640200201C
:107D600062020020600200208002002080B584B002
:107D700002AF4FF4A0737B807B8813339AB24FF627
:107D8000FF73009340F2A72328211420FEF764FD1F
:107D900000237B601DE07B689BB21A46920013446F
:107DA000DB009BB2143398B27B689BB21A469200F8
:107DB0001344DB009BB23A339AB241497B6831F8F5
:107DC0001330009346232E21FEF746FD7B680133D6
:107DD0007B607B68072BDEDD3A4B00221A803A4B32
:107DE0004FF6FF721A80394B019320230093202312
:107DF0004FF4967273212D20FEF782FF002300932B
:107E00009D2340F23B129B212D20FEF725FD2D4B9B
:107E10004CF218621A802E4B01931023009310230A
:107E2000C822C3213720FEF76BFF2A4B0193102392
:107E300000931023C822DC213720FEF761FF264B78
:107E40000193102300931023C822F5213720FEF759
:107E500057FF1C4B4FF6FF721A801B4B00221A80F3
:107E60007B880A3B9AB2002300934FF4BE734FF411
:107E7000AA713220FEF7F0FC184B019318230093EF
:107E800018234FF48C7240F259113C20FEF738FF52
:107E90000C4B4CF218621A800B4B4FF6FF721A8093
:107EA0000F4B0193102300931023C8224FF4C87185
:107EB0007320FEF725FF00BF0837BD4680BD00BF19
:107EC000B8AC0008840100200A00002024940008B7
:107ED000389400084C9400086094000874940008DA
:107EE0008094000880B582B000AF104B1B78FB7106
:107EF00005E097F90730DBB20133DBB2FB710C4BC5
:107F000093F90030184697F907300133094A92F97E
:107F100000201946FFF772F90346002BE9D097F9C4
:107F2000073018460837BD4680BD00BF64020020F8
:107F3000630200206202002090B585B000AF0023EC
:107F4000FB6045E00023BB603CE0254B93F900302B
:107F50001846244B93F900301946FB68BA68FEF7BF
:107F600031FF0346002B2AD01F4B93F900301A46ED
:107F7000BB6813447B601D4B93F900301A46FB68C5
:107F800013443B607B68002B19DB7B68092B16DCF4
:107F90003B68002B13DB3B68132B10DC7B68D8B2EB
:107FA0003B68D9B2124C3A6813469B0013445B00FD
:107FB000E2187B6813441B781A46FEF71DFFBB6866
:107FC0000133BB60BB68032BBFDDFB680133FB6083
:107FD000FB68032BB6DD00BF00BF1437BD4690BD64
:107FE0006002002062020020630200208102002063
:107FF0009801002080B586B000AFFFF773FF0346FD
:108000001A46394B1A70384B93F90020374B93F9C5
:1080100000309A4264D000237B615DE000233B6125
:1080200054E0334B93F900301846324B93F900304B
:1080300019467B693A69FEF7C5FE0346002B42D01C
:108040002D4B93F900301A463B691344FB60264BD5
:1080500093F900301A467B691344BB60FB68002B20
:1080600031DBFB68092B2EDCBB68002B2BDBBB68EC
:10807000132B28DCFB689BB25B019BB21433FB80A3
:10808000BB689BB25B019BB22833BB80FB881F336C
:108090007B80BB881F333B80154B93F90030013345
:1080A000164A32F81320164B1A80FB88023398B216
:1080B000BB88023399B27B88023B9AB23B88023B71
:1080C0009BB2FEF78BFC3B6901333B613B69032BA1
:1080D000A7DD7B6901337B617B69032B9EDD00E0BB
:1080E00000BF1837BD4680BD810200206402002019
:1080F00060020020620200206302002094AC0008AD
:108100008401002080B500AFC82200211F4800F084
:1081100095FA1F4B00221A601E4B00221A601E4B5C
:1081200000221A601D4B4FF4FA721A601C4B012298
:108130001A70F9F7CFFD03461A4A1360194B1B68F2
:10814000194A1360F9F7C6FD0346184600F002F914
:1081500000F02EF90246154B83FB021313449910CD
:10816000D317C91A0B46DB005B1AD11A4AB2104B5F
:108170001A70FFF7ADF9FEF7DFFEFEF769FFFFF7B4
:1081800039FFFEF7FDFF00BF80BD00BF9801002052
:10819000680200206C02002070020020740200209F
:1081A000800200207C020020780200209324499263
:1081B0006102002080B500AFFFF7C0FB054B4FF612
:1081C000FF721A80FFF7D2FD034B00221A7000BF26
:1081D00080BD00BF0A0000208002002080B584B06E
:1081E00000AF524B1B78002B22D110215048F9F7D9
:1081F000C7FB0346002B09D14E4B1B78002B08D13F
:108200004C4B01221A70FFF77DFF02E0494B002220
:108210001A7007F108031846FFF766FC0346002BA7
:108220007ED0BB68444A93427AD1FFF76BFF77E078
:108230003E4B1B78022B21D110213D48F9F7A0FBC2
:108240000346002B09D13D4B1B78002B08D13B4B3B
:1082500001221A70FFF756FF02E0384B00221A7015
:108260003B1D1846FFF740FC0346002B5AD07B68A5
:10827000314A934256D1FFF745FF53E0FFF786F9A5
:108280003B461846FFF730FC0346002B03D03B6803
:108290001846FFF74DFCF9F71DFDF860284B1B68E9
:1082A000FA68D21A274B1B689A423CD3244AFB68CF
:1082B0001360254B93F900301846244B93F9003096
:1082C0000133234A92F900201946FEF797FF03462F
:1082D000002B13D0FEF7E4FFFFF768F8FEF72CFE43
:1082E000FFF7F6F8114B1B78012B04D1FEF7B0FE17
:1082F000FFF780FE17E0FFF797FA14E0FFF71CFE88
:10830000FEF748FE114B93F90030DBB20133DBB2CC
:108310005AB20E4B1A70FEF79BFEFFF76BFE02E09F
:1083200000BF00E000BF1037BD4680BD80020020C6
:108330000010024086020020FD02FF00870200209C
:1083400078020020740200206302002064020020F2
:108350006202002038B5104B1D682A6B0446B2B982
:10836000182000F05DFA0246286320B90B4B0C4838
:10837000462100F0EDF90B490B4BC0E900130B4B04
:1083800083600B23838100210120C2E904010023C3
:108390001461536138BD00BF18000020C8AC00084C
:1083A000DFAC00080E33CDAB34126DE6ECDE050019
:1083B000164B10B51C68226BB2B9182000F030FAC9
:1083C0000246206320B9124B1248522100F0C0F936
:1083D0001149124BC0E90013114B83600B238381B9
:1083E00000210120C2E9040113690E4854690E49B5
:1083F000584301FB0400A3FB0131013340EB0100B2
:10840000C2E9043020F0004010BD00BF1800002079
:10841000C8AC0008DFAC00080E33CDAB34126DE6FB
:10842000ECDE05002DF451582D7F954C002310B53E
:108430000446C0E90033C0E90433836081814366A8
:10844000C2818361194608225C3000F0F7F80D4BB9
:1084500063620D4BA3620D4BE3620D4B23630D4B27
:1084600024629C4206D003F16802944202D0D033C9
:108470009C4205D104F15800BDE8104000F056B907
:1084800010BD00BFB5850008D78500080F8600081D
:108490003586000888020020024A0349034800F09C
:1084A0006BB800BF0C000020918A00081C0000205F
:1084B00041680C4B994210B5044601D000F0E8FA2F
:1084C000A168094B994202D0204600F0E1FAE16828
:1084D000064B994204D02046BDE8104000F0D8BABF
:1084E00010BD00BF88020020F002002058030020C9
:1084F0000C4B0D4A0D4810B504211A600022FFF7FD
:1085000095FF0A4B01221C46092103F16800FFF781
:108510008DFF04F1D0000222BDE810401221FFF7C8
:1085200085BF00BFC0030020998400088802002096
:10853000014800F0FCB800BFC9030020014800F06A
:10854000F7B800BFC903002010B50446FFF7F0FFDD
:10855000236A1BB1BDE81040FFF7F0BF044B236254
:10856000044B1B68002BF5D1FFF7C2FFF2E700BFF9
:10857000B1840008C00300202DE9F843074688466F
:1085800014460026D4E90195B9F1010905D52468FE
:10859000002CF7D13046BDE8F883AB89012B07D911
:1085A000B5F90E30013303D029463846C04706439B
:1085B0006835E9E710B50C46B1F90E1000F068F81F
:1085C0000028ABBF636DA3891B1823F48053ACBF95
:1085D0006365A38110BD2DE9F0411F468B89DB0542
:1085E00005460C46164605D5B1F90E1002230022A9
:1085F00000F03CF8A389B4F90E1023F48053A38152
:1086000032463B462846BDE8F04100F053B810B56D
:108610000C46B1F90E1000F029F8B4F90C30421CE8
:108620000BBF23F4805343F48053A381A38118BF6D
:10863000606510BDB1F90E1000F008B802440346A1
:10864000934200D1704703F8011BF9E738B5064D96
:108650000023044608462B60FBF7D0F8431C02D1E8
:108660002B6803B1236038BDC403002038B5074D23
:1086700004460846114600222A601A46FBF7E5F830
:10868000431C02D12B6803B1236038BDC403002012
:1086900038B5074D04460846114600222A601A469E
:1086A000FBF773F8431C02D12B6803B1236038BD7C
:1086B000C403002038B5074D044608461146002281
:1086C0002A601A46FBF77EF8431C02D12B6803B1DF
:1086D000236038BDC4030020014B1868704700BFF9
:1086E0001800002070B50D4B0D4D5B1B9C10002633
:1086F000A64209D100F044FE0A4D0B4B5B1B9C10B7
:108700000026A64205D170BD55F8043B98470136B6
:10871000EEE755F8043B98470136F2E7B0AD0008A4
:10872000B0AD0008B0AD0008B4AD000870477047A8
:1087300070470A44914200F1FF3300D1704710B5F1
:1087400011F8014B03F8014F9142F9D110BD00001F
:108750001FB514461A46094B1B680546D8684CB12C
:10876000074B0091CDE9013406492B4600F0B8F9DA
:1087700000F0D8F9044B1C46F3E700BF18000020B6
:1087800037AD000844AD000872AD000838B50546A5
:10879000002941D051F8043C0C1F002BB8BFE4184D
:1087A00000F0E8F81D4A136833B963601460284686
:1087B000BDE8384000F0E4B8A34208D92068211889
:1087C0008B4201BF19685B6809182160EDE71A4602
:1087D0005B680BB1A342FAD911685018A0420BD1C3
:1087E00020680144501883421160E0D118685B682A
:1087F000536008441060DAE702D90C232B60D6E7F7
:10880000206821188B4204BF19685B68636004BF4D
:10881000091821605460CAE738BD00BFD0030020AA
:10882000024B0146186800F025B800BF1800002070
:1088300070B50F4E0C463168054611B900F062F96B
:1088400030602146284600F05DF9431C03D14FF00B
:10885000FF34204670BDC41C24F00304A042F8D0AD
:10886000211A284600F04EF90130F2D1EFE700BF9F
:10887000CC0300202DE9F843CD1C25F00305083575
:108880000C2D38BF0C25002D064601DBA94204D96A
:108890000C2333600020BDE8F883DFF8D48000F0BB
:1088A00069F8D8F800301C4644BB29463046FFF72B
:1088B000BFFF431C044658D1D8F800402746002F7C
:1088C00043D1002C4BD023683946304604EB0309D2
:1088D00000F018F9814542D121686D1A29463046C9
:1088E000FFF7A6FF01303AD023682B442360D8F865
:1088F00000305A6862BBC8F800700FE02268521B53
:1089000020D40B2A17D96119A342256018BF5960DA
:10891000636808BFC8F8001062514B60304600F031
:108920002FF804F10B00231D20F00700C21A1CBF12
:108930001B1AA350AFE76268A3420CBFC8F800201F
:108940005A60EBE723466468AEE73C467F68B6E7CB
:108950001A465B68A342FBD100235360DEE70C2379
:108960003360304600F00CF894E70560D6E700BFAE
:10897000D00300200148FFF7DABE00BFC803002083
:108980000148FFF7D5BE00BFC8030020B1F90C2095
:108990002DE9F041160705460C4651D44B68002BD3
:1089A00002DC0B6C002B49DDE66A002E46D000236A
:1089B00012F480522F682B6031D0626DA389590761
:1089C00005D56368D21A636B0BB1236CD21A0023EE
:1089D000E66A216A2846B047421CB4F90C3006D139
:1089E00029681D2946D8294ACA40D60742D50022FF
:1089F0006260D9042269226004D5421C01D12B682F
:108A000003B96065616B2F60C1B104F14403994201
:108A100002D02846FFF7BAFE002363630EE0216A06
:108A200001232846B0470246501CC7D12B68002BB3
:108A3000C4D01D2B01D0162B1AD12F6000201EE0B0
:108A40000F69002FFAD093070E6808BF4B690F60BB
:108A500018BF0023A6EB07088B60B8F1000FEDDD0F
:108A6000216AA66A43463A462846B047002808DCF1
:108A7000B4F90C3043F04003A3814FF0FF30BDE860
:108A8000F0810744A8EB0008E7E700BF01004020A1
:108A900038B50B6905460C4613B90025284638BD84
:108AA00018B1036A0BB9FFF74FFDB4F90C30002B76
:108AB000F3D0626ED00704D4990502D4A06DFFF7FD
:108AC00036FE28462146FFF761FF636EDA0705464A
:108AD000E4D4A3899B05E1D4A06DFFF729FEDDE76F
:108AE0000EB403B5014603AB054853F8042B0068E8
:108AF000019300F047F802B05DF804EB03B0704753
:108B00001800002038B5064D0023044608462B60A7
:108B1000FAF7E2FD431C02D12B6803B1236038BD94
:108B2000C403002008B5062000F08EFB0120FAF7F0
:108B300021FE9368013B002B10B4936008DA94691E
:108B4000A34201DB0A2903D15DF8044B00F0C2BA4D
:108B50001368581C1060197008465DF8044B704784
:108B6000F8B506460F461446D518AC4201D1002090
:108B700007E014F8011B3A463046FFF7DAFF431CC2
:108B8000F3D1F8BD2DE9F0470D469CB014461F46C1
:108B9000064618B1036A0BB9FFF7D6FC6B6ED9070E
:108BA00005D4AB899A0502D4A86DFFF7C0FDAB8947
:108BB0001B0701D52B699BB92946304600F0C8FA3E
:108BC00070B16B6EDC0704D54FF0FF301CB0BDE810
:108BD000F087AB899805F7D4A86DFFF7A9FDF3E7F7
:108BE0000023099320238DF82930039730236A4FFF
:108BF0008DF82A304FF001082346994613F8012BCF
:108C00000AB1252AF9D1B9EB040A0BD05346224602
:108C100029463046FFF7A4FF013000F0A480099AEE
:108C20005244099299F80030002B00F09C800023F8
:108C30004FF0FF32CDE9052309F1010904930793B1
:108C40008DF853301A934C46534814F8011B0522F3
:108C5000F7F75EFF049BD0B9D90644BF20228DF8F8
:108C600053201A0744BF2B228DF8532099F8002077
:108C70002A2A13D0079A4C4600204FF00A0C2146AE
:108C800011F8013B303B092B49D968B913E0C01BEF
:108C900008FA00F018430490A146D4E7039A111D86
:108CA00012680391002A01DB079204E0524243F06C
:108CB00002030792049323782E2B0AD163782A2B80
:108CC00032D1039B1A1D1B68039243EAE3730234FB
:108CD0000593DFF8D490217803224846F7F718FF70
:108CE00038B1049BA0EB09004022824013430134B9
:108CF000049314F8011B29488DF828100622F7F771
:108D000007FF00283ED0264818BB039B073323F0FB
:108D1000070308330393099B034409936CE70CFB97
:108D200002320C460120AAE70023013405931946BC
:108D30004FF00A0C204610F8012B303A092A03D9CB
:108D4000002BC6D00591C4E70CFB0121044601238A
:108D5000F0E703AB00932A46124B04A93046AFF369
:108D60000080431CD7D16B6ED90705D4AB899A0517
:108D700002D4A86DFFF7DCFCAB895B063FF524AF9E
:108D8000099823E703AB00932A46064B04A9304613
:108D900000F07AF8E5E700BF73AD00087DAD00088C
:108DA00000000000618B000879AD00082DE9F04754
:108DB000164698468A680B69DDF820909342B8BF42
:108DC0001346336091F8432007460C460AB101333D
:108DD00033602368990642BF3368023333602568E5
:108DE00015F0060506D104F1190AE36832689B1AEA
:108DF000AB4226DC94F843302268003B18BF0123C5
:108E000092062BD404F1430241463846C84701304C
:108E10001ED02368226903F00603042B02BFE56815
:108E20003368ED1AA3680CBF25EAE5750025934267
:108E3000C4BF9B1AED1800261A34B5421AD100207F
:108E400008E00123524641463846C847013003D165
:108E50004FF0FF30BDE8F0870135C6E7E1185A1C36
:108E6000302081F84300224494F8451082F84310E2
:108E70000233C7E70123224641463846C84701303E
:108E8000E6D00136D9E700002DE9F0430D7E85B02C
:108E9000782D90460C9E07460C46994601F14302F8
:108EA00007D8622D0AD8002D00F0D780582D00F089
:108EB000BC8004F1420684F842503BE0A5F1630314
:108EC000152BF6D801A151F823F000BF258F00081B
:108ED000398F0008B38E0008B38E0008B38E0008E7
:108EE000B38E0008398F0008B38E0008B38E0008D7
:108EF000B38E0008B38E000841900008638F00080D
:108F0000F38F0008B38E0008B38E0008639000084A
:108F1000B38E0008638F0008B38E0008B38E00087C
:108F2000FB8F000833681A1D1B68326004F142068B
:108F300084F842300123A1E033682068191D3160B4
:108F4000060601D51D6803E04506FBD5B3F90050C0
:108F5000002D03DA2D236D4284F843305B480A2349
:108F600011E021683368080653F8045B02D449060F
:108F700048BFADB23360237E54486F2B5CD10823C9
:108F8000002184F843106668A660002E05DB216886
:108F90002E4321F00401216050D01646B5FBF3F1B9
:108FA00003FB115C10F80CC006F801CDAC4663451C
:108FB0000D46F3D9082B0BD12368DB0708D52369AD
:108FC00061689942DEBF302306F8013C06F1FF36A6
:108FD000921B2261CDF80090434603AA21463846F1
:108FE000FFF7E4FE01304ED14FF0FF3005B0BDE891
:108FF000F083236843F0200323603548782584F804
:1090000045502368316813F0800F51F8045B03D199
:1090100013F0400F18BFADB23160D90744BF43F021
:10902000200323601DB11023AAE72848E7E723683F
:1090300023F020032360F6E70A23A1E71646B9E7E9
:10904000336825686169181D30602E061B6801D5DC
:10905000196002E06806FBD51980002323611646DB
:10906000B8E733681A1D32601E6862680021304616
:10907000F7F74EFD08B1801B606063682361002331
:1090800084F84330A6E72369324641463846C8474C
:109090000130A9D023689B0713D4E068039B984252
:1090A000B8BF1846A2E70123324641463846C847B2
:1090B000013099D00135E36803995B1AAB42F2DCC9
:1090C000EBE7002504F11906F5E700BF84AD0008C1
:1090D00095AD0008F8B50E461446054618B1036A6A
:1090E0000BB9FFF731FAA369A360A3891A0701D569
:1090F000236943B92146284600F02AF818B14FF0F9
:10910000FF373846F8BD23682269981A6369F6B2BA
:109110008342374605DC21462846FFF7B9FC002884
:10912000EDD1A368013BA36023685A1C22601E7026
:109130006269431C9A4204D0A389DB07E1D50A2E59
:10914000DFD121462846FFF7A3FC0028D9D0D6E777
:1091500038B5284B054618680C4618B1036A0BB998
:10916000FFF7F2F9B4F90C301A0721D4D80607D466
:1091700009222A6043F04003A3814FF0FF3030E022
:10918000590712D5616B41B104F14403994202D0F1
:109190002846FFF7FBFA002363630022B4F90C3082
:1091A00062602269226023F0240343F00803A38154
:1091B00022693AB99A0501D5180603D521462846F1
:1091C00000F082F8B4F90C3013F001020AD000224A
:1091D000A26062695242A261226942B913F0800022
:1091E000C8D138BD990758BF6269A260F4E7002072
:1091F000F7E700BF180000201F2938B505460C46C8
:1092000004D9162303604FF0FF3038BDC26B12B192
:1092100052F821304BB9284600F030F8224601467A
:109220002846BDE8384000F017B8012B0AD0591C79
:1092300003D1162303600120E7E7002142F8241040
:10924000204698470020E0E7024B01461868FFF7E8
:10925000D3BF00BF1800002038B5074D00230446D7
:10926000084611462B60FAF775FA431C02D12B68A9
:1092700003B1236038BD00BFC4030020FAF762BA0F
:1092800070B50C46B1F90E10002996B015461E4671
:109290000ADAA18911F0800113D14FF48062002015
:1092A00031602A6016B070BD6A4600F047F80028A9
:1092B000EFDB019901F47041A1F500535942594186
:1092C000EBE700214022EAE78B8973B59E0705464C
:1092D0000C4607D504F14703236023610123636132
:1092E00002B070BD01AB6A46FFF7CAFF009E284678
:1092F0003146FFF7BFFAB4F90C3038B99A05EFD40C
:1093000023F0030343F00203A381E3E743F0800368
:10931000A381019B2060C4E90406002BE0D0B4F9CE
:109320000E10284600F01CF80028D9D0A38923F09D
:10933000030343F00103A381D2E7000038B5074DD2
:1093400000230446084611462B60FAF763FA431CD3
:1093500002D12B6803B1236038BD00BFC4030020D5
:1093600038B5064D0023044608462B60FAF762FA2A
:10937000431C02D12B6803B1236038BDC403002015
:10938000F8B500BFF8BC08BC9E467047F8B500BFF2
:08939000F8BC08BC9E467047C2
:1093980047414D4520204F564552000053434F52F8
:1093A800450000004C494E45530000004C455645C9
:1093B8004C0000005072657373204B455930000013
:1093C8005420452054205220492053004E455854DB
:1093D800000000004B303A20204C45465400000065
:1093E8004B323A2020524947485400004B313A202A
:1093F80020524F54415445004B55503A2044524F47
:109408005000000061726F726D732E636E202053DE
:10941800544D333246343037000000005420204584
:1094280020205420205220204920205300000000F2
:109438004B30202F204B3220202020204D6F766586
:10944800000000004B312020202020202020202058
:10945800526F7461746500004B5550202020202005
:109468002020202044726F700000000050524553A5
:109478005320204B45593000746F20737461727407
:1094880000000000000000000000000001020304CA
:1094980006070809000000000000000000000000A6
:1094A800000000003F400000000000000000300005
:1094B800400030004000000009000BC03D000BC018
:1094C8003D00090018C024407FE0224031800000A0
:1094D800180024C01B000D803240018003801C400E
:1094E80027401C800740004010006000000000007A
:1094F800000000000000000000001F802040402005
:109508000000402020401F800000000009000600E5
:109518001F80060009000000040004003F800400CA
:1095280004000000001000600000000000000000BF
:1095380004000400040004000400000000000040CF
:109548000000000000000000002001C006003800F4
:10955800400000001F802040204020401F80000065
:10956800000010403FC000400000000018C021402B
:10957800224024401840000010802040244024400D
:109588001B80000002000D0011003FC001400000D8
:109598003C80244024402440238000001F80244035
:1095A80024403440038000003000200027C03800E9
:1095B800200000001B802440244024401B80000021
:1095C8001C0022C0224022401F8000000000000032
:1095D80008400000000000000000000004600000D7
:1095E80000000000000004000A0011002080404034
:1095F80009000900090009000900000000004040B6
:10960800208011000A0004001800200023402400D4
:10961800180000001F802040274029401F400000FC
:10962800004007C039000F0001C0004020403FC083
:10963800244024401B8000001F8020402040204000
:109648003080000020403FC0204020401F800000A4
:1096580020403FC024402E4030C0000020403FC082
:1096680024402E00300000000F00108020402240CF
:109678003380020020403FC0040004003FC0204067
:10968800204020403FC020402040000000602020B3
:1096980020203FC02000200020403FC024400B0075
:1096A80030C0204020403FC020400040004000C063
:1096B8003FC03C0003C03C003FC0000020403FC00A
:1096C8000C4023003FC020001F8020402040204045
:1096D8001F80000020403FC02440240018000000E4
:1096E8001F802140214020E01FA0000020403FC0F3
:1096F8002440260019C0004018C0244024402240BD
:1097080031800000300020403FC020403000000081
:1097180020003F80004000403F80200020003E00A5
:1097280001C0070038002000380007C03C0007C00F
:1097380038000000204039C0060039C02040000031
:109748002000384007C0384020000000304021C0C9
:109758002640384020C00000000000007FE0402084
:1097680040200000000070000C0003800040000052
:109778000000402040207FE00000000000002000A2
:109788004000200000000000001000100010001031
:109798000010001000000000400000000000000061
:1097A800000002800540054003C0004020003FC083
:1097B800044004400380000000000380044004408B
:1097C8000640000000000380044024403FC00040E1
:1097D80000000380054005400340000000000440ED
:1097E8001FC0244024402000000002E0055005501E
:1097F8000650042020403FC00440040003C000403D
:109808000000044027C000400000000000100010C5
:10981800041027E00000000020403FC0014007007E
:1098280004C00440204020403FC0004000400000E9
:1098380007C0040007C0040003C00000044007C0BC
:109848000440040003C000400000038004400440BA
:1098580003800000041007F0045004400380000057
:10986800000003800440045007F00010044007C0C3
:1098780002400400040000000000064005400540C6
:1098880004C00000000004001F80044000400000E5
:10989800040007800040044007C00040040007009F
:1098A80004C0018006000400060001C0070001C0D2
:1098B80006000000044006C0010006C00440000085
:1098C8000410071004E001800600040000000440B2
:1098D80005C00640044000000000000004007BE0D2
:1098E80040200000000000000000FFF00000000021
:1098F800000040207BE004000000000040008000E1
:10990800400020002000400000000000000000008F
:1099180000000000000000000000000000001FCC54
:10992800000C00000000000000000800300060008B
:109938000800300060000000022003FC1E20022006
:1099480003FC1E200220000000000E1811043FFF37
:1099580010840C78000000000F0010840F3800C03D
:10996800077818840078000000780F8410C4112448
:109978000E9800E4008400080800680070000000E9
:10998800000000000000000000000000000007E0E8
:109998001818200440020000000040022004181893
:1099A80007E00000000000000240024001800FF0C4
:1099B80001800240024000000080008000800FF813
:1099C80000800080008000000001000D000E0000F3
:1099D80000000000000000000000008000800080FF
:1099E80000800080008000800000000C000C000057
:1099F80000000000000000000000000600180060E1
:109A08000180060018002000000007F00808100474
:109A18001004080807F000000000080408041FFCF0
:109A2800000400040000000000000E0C10141024B4
:109A3800104411840E0C000000000C1810041104CE
:109A4800110412880C700000000000E003200424B8
:109A580008241FFC0024000000001F981084110433
:109A68001104108810700000000007F00888110425
:109A7800110418880070000000001C00100010FC81
:109A880013001C001000000000000E381144108460
:109A9800108411440E38000000000700088C1044A0
:109AA8001044088807F00000000000000000030CC4
:109AB800030C000000000000000000000001010687
:109AC80000000000000000000000008001400220AB
:109AD80004100808100400000220022002200220BE
:109AE80002200220022000000000100408080410D0
:109AF800022001400080000000000E001200100C3F
:109B0800106C10800F00000003E00C1813E41424FC
:109B180017C4082807D000000004003C03C41C40F8
:109B2800074000E4001C000410041FFC1104110489
:109B380011040E880070000003E00C1810041004D3
:109B4800100410081C10000010041FFC100410045E
:109B58001004080807F0000010041FFC1104110489
:109B680017C410040818000010041FFC1104110089
:109B780017C010000800000003E00C1810041004BF
:109B880010441C780040000010041FFC1084008062
:109B9800008010841FFC10040000100410041FFC37
:109BA800100410040000000000030001100110015F
:109BB8001FFE10001000000010041FFC1104038099
:109BC8001464181C1004000010041FFC1004000486
:109BD80000040004000C000010041FFC1F0000FC1F
:109BE8001F001FFC1004000010041FFC0C040300DD
:109BF80000E010181FFC100007F0080810041004FB
:109C08001004080807F0000010041FFC10841080DE
:109C1800108010800F00000007F00818102410248E
:109C2800101C080A07F2000010041FFC11041100A0
:109C380011C011300E0C000400000E1C1104108419
:109C4800108410441C3800001800100010041FFC79
:109C5800100410001800000010001FF81004000481
:109C6800000410041FF8100010001E0011E0001C72
:109C7800007013801C0010001FC0103C00E01F0083
:109C880000E0103C1FC000001004180C163401C07E
:109C980001C01634180C100410001C00130400FC3A
:109CA80013041C00100000000804101C1064108429
:109CB80013041C04101800000000000000007FFEC0
:109CC8004002400240020000000030000C00038007
:109CD8000060001C00030000000040024002400237
:109CE8007FFE00000000000000000000200040008F
:109CF80040004000200000000001000100010001B8
:109D080000010001000100010000400040002000A7
:109D18000000000000000000000000980124014439
:109D28000144014400FC000410001FFC00880104E9
:109D38000104008800700000000000700088010421
:109D4800010401040088000000000070008801047C
:109D5800010411081FFC0004000000F8014401443C
:109D68000144014400C800000000010401040FFC84
:109D78001104110411001800000000D6012901295E
:109D8800012901C90106000010041FFC008401001C
:109D98000100010400FC000400000104190419FC7E
:109DA800000400040000000000000003000101019D
:109DB800190119FE0000000010041FFC00240040D7
:109DC80001B4010C010400000000100410041FFC81
:109DD8000004000400000000010401FC010401006B
:109DE80001FC0104010000FC010401FC00840100E5
:109DF8000100010400FC0004000000F80104010453
:109E08000104010400F80000010101FF00850104BC
:109E18000104008800700000000000700088010440
:109E28000104010501FF00010104010401FC008493
:109E38000104010001800000000000CC012401247D
:109E4800012401240198000000000100010007F826
:109E58000104010400000000010001F800040004EE
:109E68000004010801FC0004010001800170000CDD
:109E7800001001600180010001F0010C003001C0F8
:109E88000030010C01F0010000000104018C007495
:109E98000170018C01040000010101810171000EB3
:109EA800001801600180010000000184010C0134E8
:109EB80001440184010C00000000000000000000C3
:109EC80001003EFC400240020000000000000000CB
:109ED800FFFF0000000000000000400240023EFCBE
:109EE8000100000000000000000060008000800009
:109EF800400040002000200000000000000000009A
:109F08000000000000000000000000000000000049
:109F18000000000000000000000000000000000039
:109F280000000000000000000000000F80380FFE55
:109F3800380F80380000000000000000000000001A
:109F48000000000000000100000600000C000038BE
:109F580000003100000600000C000038000030004E
:109F6800000000000000000061800067F807F98029
:109F78000061800061800061800061800067F807EF
:109F8800F98000618000000000000000000001C0AE
:109F9800E003E0F00630080418081FFFFE040E086E
:109FA8000787F00381E000000000000001F00006D0
:109FB8000C00040408060C7001F9C0000E00003BF8
:109FC800E000EC18070808040C180003E000000083
:109FD8000001E00007F003F818041C08041708073C
:109FE800E1D003C0E00023B0003C080020080000D6
:109FF80010000000000000010000310000320000E5
:10A008001C0000000000000000000000000000002C
:10A018000000000000000000000000000000000038
:10A0280000000000000000007F0001FFC00780F072
:10A038000C0018100004200002000000000000209E
:10A0480000021000040C00180780F001FFC0007F18
:10A0580000000000000000000000000000000000F8
:10A06800000000004200006600006600003C00009E
:10A07800180003FFC0001800003C000066000066DE
:10A08800000042000000000008000008000008006E
:10A0980000080000080001FFC000080000080000D8
:10A0A800080000080000080000000000000100008F
:10A0B8003100003200001C00000000000000000019
:10A0C8000000000000000000000000000000000088
:10A0D8000800000800000800000800000800000848
:10A0E8000000080000080000080000080000000048
:10A0F80000000000000000003800003800003800B0
:10A108000000000000000000000000000000000047
:10A118000000000000000000000600001C000070A5
:10A12800000180000E0000380000C0000700001C7D
:10A138000000300000000000000000007F8001FFE8
:10A14800E0038070060018040008040008060018E0
:10A1580003807001FFE0007F800000000000000025
:10A16800000001000801000801000803FFF807FFCC
:10A17800F8000008000008000008000000000000C7
:10A1880000000001C03802C05804009804011804F7
:10A198000218040418061C1803F81801E0F8000057
:10A1A8000000000000000001C0E003C0F004000847
:10A1B80004080804080806180803F41801E7F00062
:10A1C80001E0000000000000000000000300000D96
:10A1D8000000110000610000810803010807FFF872
:10A1E8000FFFF8000108000108000000000000004F
:10A1F80000E007FCD006080806100806100806103C
:10A2080008061838060FF00607C000000000000016
:10A21800000000003F8001FFE003843002081804BA
:10A228001008041008041008071810030FF000079E
:10A23800C000000000000000000003C0000700008C
:10A248000600000600F80607F806180006E00007F2
:10A25800000006000000000000000001E1E003F734
:10A26800F0063410041808041808040C08040C0834
:10A2780006161803F3F001C1E0000000000000001A
:10A28800F80003FC3003063804020804020804023C
:10A29800080404100308F001FFC0007F000000005C
:10A2A80000000000000000000000000000000000A6
:10A2B800703800703800703800000000000000009E
:10A2C8000000000000000000000000000000000086
:10A2D80000000000301A00301C00000000000000E0
:10A2E800000000000000000000000000000000085E
:10A2F800000014000022000041000080800100409E
:10A3080002002004001008000800000000000000FF
:10A31800210000210000210000210000210000216F
:10A3280000002100002100002100002100000000A1
:10A3380000000000000008000804001002002001CE
:10A348000040008080004100002200001400000846
:10A358000000000000000003C00004C0000400006A
:10A36800080038080F380808380810000C300007B3
:10A37800E00003C000000000000000003F8000FF74
:10A38800E0038070020F1006708804C088048308F8
:10A39800047F8802C09003012000FE4000000800EE
:10A3A80000180001F8003E0801C20007020007E299
:10A3B8000000FE00001FC80001F800003800000877
:10A3C80004000807FFF807FFF80408080408080451
:10A3D800080804080806180803F41801E7F0000143
:10A3E800E0000000000000003F8001FFE0038070F3
:10A3F80002001804000804000804000804001006FD
:10A4080000200780C000000004000807FFF807FFCD
:10A41800F8040008040008040008040018020010EA
:10A4280003807001FFE0007F80000000040008073F
:10A43800FFF807FFF80408080408080408080408D7
:10A4480008043E0804000806001801006000000027
:10A4580004000807FFF807FFF804080804080004C8
:10A468000800040800043E00060000060000018001
:10A4780000000000000000003F8001FFE003807042
:10A488000600180400080402080402080203F00782
:10A4980083F000020000020004000807FFF807FF2D
:10A4A800F804080800080000080000080000080078
:10A4B80004080807FFF807FFF80400080000000078
:10A4C800000004000804000804000807FFF807FF5C
:10A4D800F804000804000804000800000000000058
:10A4E800000000000006000007000001040001044D
:10A4F800000104000307FFFE07FFFC04000004003E
:10A508000004000004000807FFF807FFF8040C081F
:10A51800001800003E0004C7800503C80600F804C0
:10A52800003804001800000804000807FFF807FFB7
:10A53800F8040008000008000008000008000008EF
:10A548000000080000180000600000000400080770
:10A55800FFF807800807FC00007FC00003F8000729
:10A56800C000780007800807FFF807FFF804000814
:10A5780004000807FFF807000803C00000E0000017
:10A588003800001E000007000001C00400F007FFAB
:10A59800F8040000000000007F8001FFE0038070E5
:10A5A800060018040008040008060018030030011B
:10A5B800FFE0007F8000000004000807FFF807FFA5
:10A5C800F80404080404000404000404000404005B
:10A5D800060C0003F80001F0000000000000000075
:10A5E8007F8001FFE0038070060088040088040073
:10A5F800C806003C03003E01FFE6007F840000001F
:10A6080004000807FFF807FFF80408080408000416
:10A618000C00040F00040BC00610F003F03801E032
:10A628000800000800000001E0F803F030063010D0
:10A63800041808041808040C08040C080206180278
:10A6480007F00781E0000000018000060000040018
:10A658000004000004000807FFF807FFF8040008DA
:10A668000400000400000600000180000400000748
:10A67800FFE007FFF00400180000080000080000D1
:10A688000800000800000804001007FFE0040000AC
:10A6980004000006000007E00007FE00041FE000B9
:10A6A80001F80000380001E0043E0007C000060081
:10A6B8000004000004000007E00007FFC0041FF8C2
:10A6C8000007C007F80007FF80043FF80007C00430
:10A6D800F80007000004000000000004000806005D
:10A6E8001807C07805F1C8003E00001F800463E821
:10A6F8000780F8060018040008000000040000069F
:10A70800000007800007E008047C08001FF8000725
:10A71800F800180804E0080700000600000400001C
:10A728000000000100080600380400F80403E804EB
:10A738000F08047C0805F00807C008070018040083
:10A7480060000000000000000000000000000000A1
:10A758000000003FFFFE200002200002200002202F
:10A7680000022000020000000000000000000800B5
:10A778000007000000C0000038000006000001C00B
:10A7880000003000000E0000010000000000000082
:10A798000000200002200002200002200002200009
:10A7A800023FFFFE00000000000000000000000063
:10A7B8000000000000000000000800001000003049
:10A7C8000000200000300000100000080000000019
:10A7D800000000000000010000010000010000016D
:10A7E800000001000001000001000001000001005C
:10A7F800000100000100000100000000000000004E
:10A8080000200000200000100000100000000000E0
:10A818000000000000000000000000000000000030
:10A8280000F00019F8001B18002208002608002470
:10A8380008002410003FF8001FF800000800001866
:10A8480000000004000007FFF80FFFF000181800D0
:10A858001008002008002008003018001FF0000F22
:10A86800C00000000000000007C0001FF000183002
:10A87800002008002008002008003C08001C1000E8
:10A8880000600000000000000000000007C0001F7A
:10A89800F0003818002008002008002008041010D4
:10A8A80007FFF80FFFF00000100000000000000094
:10A8B80000000007C0001FF000123000221800221C
:10A8C80008002208003208001E10000E20000000B8
:10A8D80000000000200000200800200801FFF80305
:10A8E800FFF80620080420080420080720000300B9
:10A8F8000000000000000000000E000E6E001FF3B4
:10A908000031B10020B10020B1003191001F1300C7
:10A918002E1E00200E00300000000004000807FF73
:10A92800F80FFFF8001008002000002000002008A1
:10A93800003FF8001FF800000800000000000000B9
:10A948000000002008002008002008063FF8063F05
:10A95800F8000008000008000008000000000000DF
:10A9680000000000000000000300000300200100B8
:10A978002001002003063FFE063FFC000000000007
:10A988000000000000000004000807FFF80FFFF8AF
:10A99800000188000300002FC00038F800203800AC
:10A9A800200800000800000000000000000004006B
:10A9B8000804000804000807FFF80FFFF800000863
:10A9C8000000080000080000000000000020080047
:10A9D8003FF8003FF8001008002000003FF8003F53
:10A9E800F8001008002000003FF8003FF8000008B9
:10A9F800000000002008003FF8003FF800100800A1
:10AA08001000002000002008003FF8001FF8000098
:10AA1800080000000000000007C0000FF000183018
:10AA28000030080020080020080030080018300016
:10AA38000FF00007C0000000000000002001003FE8
:10AA4800FF003FFF00101100200900200800200827
:10AA5800003038001FF0000FC000000000000000A8
:10AA680007C0001FF0003818002008002008002048
:10AA780009001011001FFF003FFF00000100000047
:10AA8800002008002008002008003FF8003FF800D8
:10AA980008080010080020080020000030000030DE
:10AAA80000000000000000000000000C78001E18E4
:10AAB800003308002308002108002188002198009D
:10AAC80030F0003860000000000000002000002086
:10AAD8000000200000FFF003FFF800200800200815
:10AAE8000020080000300000000000000000000006
:10AAF8002000003FF0007FF8000018000008000068
:10AB080008002010003FF8007FF00000100000004F
:10AB1800000000002000003000003C00003F8000E2
:10AB280023F0000078000070002380003C00003013
:10AB380000002000002000003C00003FE00023F857
:10AB48000000E0002700003E00003FE00021F80080
:10AB580001E0003E00002000000000002008002066
:10AB680008003838003E680027800003C8002CF829
:10AB780000383800201800200800000000000000FD
:10AB88002000003003003C01003F830023EC00005C
:10AB980070002380003C000020000020000000001E
:10ABA8000000000000000038080020380020F800ED
:10ABB80023E8002F88003E0800380800201800000D
:10ABC800700000000000000000000000000000000D
:10ABD8000000000008000014001FF7FC30000620E9
:10ABE800000200000000000000000000000000005B
:10ABF80000000000000000000000FFFFFF00000050
:10AC0800000000000000000000000000000000003C
:10AC180000002000023000061FF7FC0014000008A6
:10AC2800000000000000000000000000000000001C
:10AC380000000018000060000040000040000020F4
:10AC480000001000000800000400000400000C00D0
:10AC580000100000F0002222F0002222720062029E
:10AC680070023202630064026300640262046C00D2
:10AC780062046C004604E002220674002602E20028
:10AC8800440670046006600660066006FFFFFF7FEA
:10AC98001FF8E00700F81F0007FCE0FF00000000B5
:10ACA800640000002C010000F401000020030000F3
:10ACB800FF7F1FF8E007E0FF00F81F0007FCFF7F99
:10ACC8005245454E54206D616C6C6F6320737563FB
:10ACD800636565646564002F6275696C642F676ECF
:10ACE800752D746F6F6C732D666F722D73746D3361
:10ACF800325F31342E332E72656C312E323032355C
:10AD0800313032372D303730302F7372632F6E6504
:10AD1800776C69622F6E65776C69622F6C69626304
:10AD28002F7374646C69622F72616E642E63002CD9
:10AD38002066756E6374696F6E3A2000617373657F
:10AD48007274696F6E2022257322206661696C65B2
:10AD5800643A2066696C6520222573222C206C6970
:10AD68006E65202564257325730A00232D302B205A
:10AD780000686C4C006566674546470030313233E1
:10AD8800343536373839414243444546003031324C
:10AD980033343536373839616263646566000000DC
:08ADA800645AFF7F0100000066
:04ADB000B5010008E1
:04ADB4009101000801
:10ADB8000024F400100000000100FFFF0000000064
:10ADC80003000000880200201C0000200000000092
:10ADD80088020020F0020020580300200000000034
:10ADE800000000000000000000000000000000005B
:10ADF800000000000000000000000000000000004B
:10AE0800000000000000000000000000000000003A
:08AE1800000000000000000032
:040000050800386552
:00000001FF
